Country Name,Country Code,1960,1961,1962,1963,1964,1965,1966,1967,1968,1969,1970,1971,1972,1973,1974,1975,1976,1977,1978,1979,1980,1981,1982,1983,1984,1985,1986,1987,1988,1989,1990,1991,1992,1993,1994,1995,1996,1997,1998,1999,2000,2001,2002,2003,2004,2005,2006,2007,2008,2009,2010,2011,2012,2013,2014,2015,2016,2017
Andorra,AD,,,,,,,,,,,,,,,,,,,,,,,,,,,,,,,,,,,,,,,,,,,,,,,,,,,,,,,,,,
United Arab Emirates,AE,,,,,,,,,,,,,,,,,,,,,,,,,,,,,,,,1.8919999599,1.9029999971,1.9099999666,1.8380000591,1.7999999523,1.9270000458,2.0230000019,2.1630001068,2.2260000706,2.25,2.5490000248,2.743999958,2.8589999676,2.9809999466,3.1199998856,3.2309999466,3.3420000076,4.0100002289,4.1659998894,3.6949999332,3.3050000668,2.9709999561,2.6180000305,2.2820000648,1.9329999685,1.6360000372,1.6720000505
Afghanistan,AF,,,,,,,,,,,,,,,,,,,,,,,,,,,,,,,,12.0310001373,10.6450004578,12.3680000305,12.2989997864,8.7019996643,11.1379995346,11.109000206,11.0129995346,11.0690002441,11.1840000153,11.5839996338,8.6909999847,8.8529996872,10.0010004044,8.470000267,9.0570001602,7.8020000458,8.7550001144,6.7049999237,7.8210000992,8.2299995422,7.9359998703,8.4519996643,8.7060003281,8.8640003204,8.8409996033,8.8369998932
Antigua and Barbuda,AG,,,,,,,,,,,,,,,,,,,,,,,,,,,,,,,,,,,,,,,,,,,,,,,,,,,,,,,,,,
Albania,AL,,,,,,,,,,,,,,,,,,,,,,,,,,,,,,,,22.3239994049,22.6469993591,24.8260002136,24.5830001831,23.861000061,23.3980007172,23.1949996948,23.033000946,23.2900009155,22.7299995422,22.6800003052,21.4880008698,20.1529998779,18.8180007935,17.4629993439,16.0400009155,13.5,13.0500001907,13.7600002289,14.1999998093,13.9799995422,13.4399995804,15.6400003433,17.4899997711,17.0799999237,15.220000267,13.8669996262
Armenia,AM,,,,,,,,,,,,,,,,,,,,,,,,,,,,,,,,1.9789999723,1.7999999523,5.3000001907,6.5999999046,6.6999998093,9.3000001907,10.8000001907,9.3999996185,11.1999998093,11.9429998398,12.7390003204,13.7259998322,14.5290002823,15.3229999542,16.0659999847,16.827999115,17.517999649,17.9850006104,18.7399997711,19.0100002289,18.4400005341,17.3099994659,16.1800003052,17.5,18.2600002289,18.0400009155,18.2339992523
Angola,AO,,,,,,,,,,,,,,,,,,,,,,,,,,,,,,,,23.6499996185,23.642999649,23.6359996796,23.7619991302,23.9169998169,23.954000473,23.888999939,23.8439998627,23.7749996185,23.7339992523,23.7250003815,23.7900009155,23.6280002594,23.6399993896,21.3579998016,19.0849990845,16.8040008545,14.4989995956,12.1370000839,9.8629999161,7.3600001335,7.3470001221,7.3309998512,7.3060002327,7.2810001373,7.7239999771,8.1669998169
Argentina,AR,,,,,,,,,,,,,,,,,,,,,,,,,,,,,,,,5.4400000572,6.3600001335,10.1000003815,11.7600002289,18.7999992371,17.1100006104,14.8199996948,12.6499996185,14.0500001907,15,17.3199996948,19.5900001526,15.3599996567,13.5200004578,11.5100002289,10.0799999237,8.470000267,7.8400001526,8.6499996185,7.7100000381,7.1799998283,7.2199997902,7.0999999046,7.2699999809,7.1510000229,8.6960000992,8.517999649
American Samoa,AS,,,,,,,,,,,,,,,,,,,,,,,,,,,,,,,,,,,,,,,,,,,,,,,,,,,,,,,,,,
Austria,AT,,,,,,,,,,,,,,,,,,,,,,,,,,,,,,,,3.4200000763,3.5899999142,4.25,3.5299999714,4.3499999046,5.2800002098,5.1500000954,5.5199999809,4.6999998093,4.6900000572,4.0100002289,4.8499999046,4.7800002098,5.8299999237,5.6300001144,5.2399997711,4.8600001335,4.1300001144,5.3000001907,4.8200001717,4.5599999428,4.8699998856,5.3299999237,5.6199998856,5.7199997902,6.0100002289,5.5
Australia,AU,,,,,,,,,,,,,,,,,,,,,,,,,,,,,,,,9.5799999237,10.7299995422,10.8699998856,9.720000267,8.470000267,8.5100002289,8.3599996567,7.6799998283,6.8699998856,6.2800002098,6.7399997711,6.3699998856,5.9299998283,5.3899998665,5.0300002098,4.7800002098,4.3800001144,4.2300000191,5.5599999428,5.2100000381,5.0799999237,5.2199997902,5.6599998474,6.0700001717,6.0599999428,5.7199997902,5.5900001526
Aruba,AW,,,,,,,,,,,,,,,,,,,,,,,,,,,,,,,,,,,,,,,,,,,,,,,,,,,,,,,,,,
Azerbaijan,AZ,,,,,,,,,,,,,,,,,,,,,,,,,,,,,,,,9.126999855,7.7810001373,7.7909998894,8.4040002823,8.3900003433,11.5419998169,12.0710000992,11.9250001907,12.2770004272,11.8000001907,10.8999996185,10,9.25,8,7.3000001907,6.6199998856,6.5399999619,6.0500001907,5.7399997711,5.6300001144,5.4200000763,5.1900000572,4.9699997902,4.9099998474,4.9600000381,5,5.0320000648
Bosnia and Herzegovina,BA,,,,,,,,,,,,,,,,,,,,,,,,,,,,,,,,17.5499992371,18.4890003204,20.3509998322,24.1970005035,26.4230003357,26.0750007629,26.1779994965,26.3449993134,26.9909992218,26.0739994049,26.4239997864,27.7199993134,28.2399997711,29.5189990997,30.0699996948,31.1000003815,28.9300003052,23.2999992371,24.0300006866,27.2000007629,27.6000003815,28.0499992371,27.4500007629,27.5200004578,27.6940002441,25.0599994659,25.5620002747
Barbados,BB,,,,,,,,,,,,,,,,,,,,,,,,,,,,,,,,22.9610004425,22.9400005341,24.5400009155,22.9799995422,19.6599998474,14.7100000381,14.6099996567,12.3999996185,10.6099996567,9.3500003815,9.8500003815,10.3199996948,11,9.75,9.0600004196,8.720000267,7.4499998093,8.0699996948,10.0200004578,10.6899995804,11.1400003433,11.5799999237,11.5500001907,12.1700000763,11.3500003815,9.720000267,9.6870002747
Bangladesh,BD,,,,,,,,,,,,,,,,,,,,,,,,,,,,,,,,2.2000000477,2.2980000973,2.4170000553,2.5150001049,2.6070001125,2.5099999905,2.7139999866,2.9389998913,3.1289999485,3.2699999809,3.4079999924,3.5580000877,4.3200001717,4.3619999886,4.25,3.5899999142,3.9100000858,4.2389998436,5,3.3800001144,3.6500000954,3.9140000343,4.4299998283,4.4289999008,4.4270000458,4.3499999046,4.367000103
Belgium,BE,,,,,,,,,,,,,,,,,,,,,,,,,,,,,,,,6.9899997711,6.6999998093,8.0799999237,9.6499996185,9.3400001526,9.4799995422,8.9600000381,9.3199996948,8.6499996185,6.5900001526,6.1799998283,6.9099998474,7.6799998283,7.3600001335,8.4399995804,8.25,7.4600000381,6.9800000191,7.9099998474,8.2899999619,7.1399998665,7.5399999619,8.4300003052,8.5200004578,8.4799995422,7.8299999237,7.0900001526
Burkina Faso,BF,,,,,,,,,,,,,,,,,,,,,,,,,,,,,,,,2.6089999676,2.5999999046,2.6010000706,2.5999999046,2.5789999962,2.5559999943,2.5260000229,2.5,2.5550000668,2.6029999256,2.6589999199,2.7070000172,2.7799999714,3.375,4,2.3299999237,3.2999999523,3.7490000725,4.1909999847,4.6519999504,5.0970001221,5.5489997864,6.0029997826,6.5,6.493999958,6.390999794,6.3039999008
Bulgaria,BG,,,,,,,,,,,,,,,,,,,,,,,,,,,,,,,,21.2439994812,21.486000061,21.3899993896,20.1700000763,15.9099998474,13.75,13.6999998093,12.1999998093,14.1000003815,16.2199993134,19.9200000763,18.1100006104,13.7299995422,12.0399999619,10.0799999237,8.9499998093,6.8800001144,5.6100001335,6.8200001717,10.279999733,11.2600002289,12.2700004578,12.9399995804,11.4200000763,9.1400003433,7.5700001717,6.1599998474
Bahrain,BH,,,,,,,,,,,,,,,,,,,,,,,,,,,,,,,,1.2790000439,1.2749999762,1.2829999924,1.2999999523,1.300999999,1.30400002,1.3159999847,1.3159999847,1.3170000315,1.3140000105,1.3559999466,1.3539999723,1.3309999704,1.3079999685,1.2749999762,1.2710000277,1.243999958,1.2079999447,1.175999999,1.1299999952,1.2300000191,1.2000000477,1.2070000172,1.2130000591,1.2089999914,1.2150000334,1.2009999752
Burundi,BI,,,,,,,,,,,,,,,,,,,,,,,,,,,,,,,,1.6399999857,1.6330000162,1.6299999952,1.6339999437,1.6430000067,1.6490000486,1.6599999666,1.6729999781,1.6840000153,1.6970000267,1.7009999752,1.7009999752,1.6970000267,1.6890000105,1.6779999733,1.6649999619,1.6490000486,1.6339999437,1.6039999723,1.574000001,1.5449999571,1.5149999857,1.4859999418,1.5700000525,1.57099998,1.5909999609,1.5529999733
Benin,BJ,,,,,,,,,,,,,,,,,,,,,,,,,,,,,,,,1.5069999695,1.5099999905,1.4179999828,1.3320000172,1.2419999838,1.1560000181,1.0690000057,0.9860000014,0.90200001,0.8199999928,0.7400000095,0.6899999976,0.7519999743,0.8109999895,0.8669999838,0.9219999909,0.9750000238,1.0249999762,1.0720000267,1.0399999619,2.6500000954,2.6440000534,2.6370000839,2.631000042,2.6270000935,2.5439999104,2.4660000801
Bermuda,BM,,,,,,,,,,,,,,,,,,,,,,,,,,,,,,,,,,,,,,,,,,,,,,,,,,,,,,,,,,
Brunei Darussalam,BN,,,,,,,,,,,,,,,,,,,,,,,,,,,,,,,,4.6999998093,4.861000061,4.9070000648,5.0329999924,5.125,5.2389998436,5.3029999733,5.4289999008,5.5619997978,5.6069998741,5.7160000801,5.7899999619,5.8369998932,5.8559999466,5.890999794,5.992000103,5.9670000076,5.9850001335,6.0430002213,6.1640000343,6.1119999886,5.993999958,5.881000042,6.9699997902,6.8359999657,6.9349999428,7.0809998512
Bolivia,BO,,,,,,,,,,,,,,,,,,,,,,,,,,,,,,,,5.9000000954,5.5199999809,5.9899997711,3.1400001049,3.6900000572,5.2300000191,2.0799999237,3.1050000191,4.1300001144,4.4699997902,5.4000000954,5.4000000954,4.8499999046,4.3000001907,5.0799999237,4.4600000381,4.9099998474,2.5999999046,2.8599998951,2.5399999619,2.2200000286,2.0499999523,2.3900001049,2.0099999905,3.0699999332,3.0599999428,3.1480000019
Brazil,BR,,,,,,,,,,,,,,,,,,,,,,,,,,,,,,,,5.6459999084,6.4200000763,6.0300002098,6.0970001221,5.9499998093,6.7699999809,7.6799998283,8.8999996185,9.6099996567,9.7950000763,9.3500003815,9.1099996567,9.7299995422,8.8900003433,9.3100004196,8.3900003433,8.0900001526,7.626999855,8.279999733,7.2569999695,6.6900000572,7.1900000572,6.9899997711,6.6700000763,8.4399995804,11.6099996567,13.3199996948
"Bahamas, The",BS,,,,,,,,,,,,,,,,,,,,,,,,,,,,,,,,12.1700000763,14.8100004196,12.720000267,13.8299999237,10.8299999237,11.4600000381,9.7600002289,7.6500000954,7.4499998093,7.1810002327,6.8699998856,9.0500001907,10.8400001526,10.1999998093,10.1999998093,7.5999999046,7.8800001144,8.1800003052,14.25,14.3179998398,14.5200004578,14.0200004578,16.1800003052,13.8000001907,12,12.6999998093,12.5729999542
Bhutan,BT,,,,,,,,,,,,,,,,,,,,,,,,,,,,,,,,1.4119999409,1.4440000057,1.432000041,1.432000041,1.381000042,1.3839999437,1.3969999552,1.3999999762,1.3999999762,1.7189999819,1.8999999762,1.871999979,1.7999999523,2.4900000095,3.0999999046,3.1300001144,3.7000000477,3.7799999714,3.9600000381,3.3199999332,3.2300000191,2.0499999523,2.8699998856,2.6300001144,2.4500000477,2.4419999123,2.4349999428
Botswana,BW,,,,,,,,,,,,,,,,,,,,,,,,,,,,,,,,13.8199996948,15.6649999619,17.5100002289,21.2000007629,21.3899993896,21.5799999237,21.2199993134,20.8600006104,18.3700008392,15.8800001144,18.5400009155,21.1700000763,23.7999992371,22.2999992371,20.7999992371,17.7999992371,17.3920001984,16.9850006104,16.1700000763,17.8600006104,17.6170005798,17.4930000305,17.718000412,17.3490009308,17.0149993896,17.1170005798,17.357000351
Belarus,BY,,,,,,,,,,,,,,,,,,,,,,,,,,,,,,,,0.8320000172,0.5889999866,0.6029999852,0.6190000176,0.6309999824,0.8960000277,0.9029999971,0.8939999938,0.9279999733,0.9079999924,0.8999999762,0.9169999957,0.9089999795,0.8999999762,0.8809999824,0.875,0.8790000081,0.8709999919,0.8999999762,1.1499999762,0.6800000072,0.6200000048,0.5099999905,0.4900000095,0.4930000007,0.4880000055,0.4810000062
Belize,BZ,,,,,,,,,,,,,,,,,,,,,,,,,,,,,,,,3.7999999523,6.7849998474,9.7700004578,11.1000003815,12.4799995422,13.8199996948,12.6800003052,14.3100004196,12.8400001526,10.9549999237,9.0699996948,10.0399999619,10.281999588,10.5249996185,11.0100002289,9.3900003433,8.5100002289,8.1800003052,9.9020004272,11.4160003662,12.9309997559,14.2700004578,11.6800003052,11.5699996948,9.970000267,7.9099998474,9.3299999237
Canada,CA,,,,,,,,,,,,,,,,,,,,,,,,,,,,,,,,10.3199996948,11.1999998093,11.3800001144,10.3999996185,9.4899997711,9.6199998856,9.1000003815,8.279999733,7.5799999237,6.8299999237,7.2199997902,7.6599998474,7.5700001717,7.1900000572,6.7600002289,6.3200001717,6.0399999619,6.1399998665,8.3400001526,8.0600004196,7.5100002289,7.2899999619,7.0700001717,6.9099998474,6.9099998474,7,6.3400001526
"Congo, Dem. Rep.",CD,,,,,,,,,,,,,,,,,,,,,,,,,,,,,,,,3.632999897,3.6349999905,3.6340000629,3.6370000839,3.6510000229,3.6470000744,3.6419999599,3.6459999084,3.6449999809,3.6410000324,3.6519999504,3.6649999619,3.6740000248,3.6789999008,3.6800000668,3.6860001087,3.6900000572,3.6930000782,3.6949999332,3.6970000267,3.7009999752,3.7049999237,3.7070000172,3.7079999447,3.7070000172,3.6919999123,3.6940000057
Central African Republic,CF,,,,,,,,,,,,,,,,,,,,,,,,,,,,,,,,6.1750001907,6.1760001183,6.1810002327,6.1979999542,6.1799998283,6.1690001488,6.2049999237,6.2030000687,6.2039999962,6.1909999847,6.2100000381,6.2210001945,6.2160000801,6.2389998436,6.2410001755,6.2529997826,6.257999897,6.257999897,6.2610001564,6.265999794,6.2779998779,6.2979998589,6.2870001793,6.3429999352,6.3930001259,6.1599998474,5.9520001411
"Congo, Rep.",CG,,,,,,,,,,,,,,,,,,,,,,,,,,,,,,,,20.5230007172,20.4890003204,20.4150009155,20.3400001526,20.313999176,20.283000946,20.2089996338,20.1830005646,20.0830001831,20.0590000153,20.0109996796,19.968000412,19.8859996796,19.8360004425,19.7999992371,18.8209991455,17.813999176,16.8789997101,16.1000003815,14.5539999008,13.0640001297,10,10.0039997101,9.998000145,10.0249996185,10.420999527,10.9469995499
Switzerland,CH,,,,,,,,,,,,,,,,,,,,,,,,,,,,,,,,1.7799999714,2.8099999428,3.7200000286,3.8800001144,3.3299999237,3.7100000381,4.1999998093,3.5999999046,3.1500000954,2.6700000763,2.4900000095,2.9200000763,4.1199998856,4.3200001717,4.4400000572,4,3.6500000954,3.3499999046,4.1199998856,4.8099999428,4.4099998474,4.4800000191,4.75,4.8299999237,4.8000001907,4.9200000763,4.8000001907
Cote d'Ivoire,CI,,,,,,,,,,,,,,,,,,,,,,,,,,,,,,,,6.6950001717,6.6999998093,6.0440001488,5.3860001564,4.0999999046,4.1059999466,4.1100001335,4.0999999046,4.0130000114,3.9249999523,3.8380000591,3.75,3.6640000343,3.5789999962,3.4949998856,3.4100000858,3.3259999752,3.242000103,3.1589999199,3.0759999752,2.9909999371,2.9140000343,2.8310000896,2.7479999065,2.6649999619,2.5999999046,2.5999999046
Chile,CL,,,,,,,,,,,,,,,,,,,,,,,,,,,,,,,,5.2300000191,4.3499999046,4.4899997711,5.8699998856,4.6999998093,6.3299999237,6.1199998856,6.3400001526,9.8100004196,9.1599998474,9.1300001144,8.9399995804,8.5,8.8100004196,8,7.6900000572,7.1399998665,7.8000001907,9.6899995804,8.4200000763,7.3400001526,6.6599998474,6.2100000381,6.6599998474,6.5100002289,6.7399997711,6.9600000381
Cameroon,CM,,,,,,,,,,,,,,,,,,,,,,,,,,,,,,,,7.8460001945,7.868999958,7.881000042,7.8949999809,8.0080003738,8.0600004196,7.9580001831,7.8319997787,7.6919999123,7.5580000877,7.4600000381,6.7030000687,5.9530000687,5.2309999466,4.4000000954,3.6500000954,2.9000000954,3.2030000687,3.5050001144,4.1100001335,4.1729998589,4.2259998322,4.2779998779,4.3200001717,4.2960000038,4.2610001564,4.242000103
China,CN,,,,,,,,,,,,,,,,,,,,,,,,,,,,,,,,4.8899998665,4.3899998665,4.3299999237,4.3400001526,4.5500001907,4.5900001526,4.5999999046,4.7300000191,4.6999998093,4.5300002098,4.5300002098,4.4099998474,4.3000001907,4.3000001907,4.1399998665,4,3.7599999905,4.3600001335,4.2880001068,4.1999998093,4.3400001526,4.4699997902,4.5399999619,4.5929999352,4.6050000191,4.6490001678,4.6750001907
Colombia,CO,,,,,,,,,,,,,,,,,,,,,,,,,,,,,,,,10.1199998856,9.4399995804,7.8000001907,8.25,8.720000267,11.8100004196,12.1400003433,15,20.0599994659,20.5200004578,15.0399999619,15.6300001144,14.1899995804,13.720000267,11.8699998856,12.6999998093,11.1999998093,11.2700004578,12.0699996948,10.8800001144,10.1899995804,9.8100004196,9.1899995804,8.529999733,8.2399997711,8.3500003815,8.8500003815
Costa Rica,CR,,,,,,,,,,,,,,,,,,,,,,,,,,,,,,,,5.3699998856,3.9300000668,3.9500000477,4.0399999619,5.1799998283,6.1599998474,5.6799998283,5.3299999237,5.8899998665,5.0799999237,5.9099998474,6.3299999237,6.5599999428,6.3899998665,6.5700001717,5.7399997711,4.4899997711,4.7800002098,7.7100000381,8.9200000763,10.1800003052,9.8999996185,8.9600000381,9.1199998856,9.2600002289,8.9799995422,8.1400003433
Cuba,CU,,,,,,,,,,,,,,,,,,,,,,,,,,,,,,,,9.1929998398,9.0509996414,8.9149999619,8.4619998932,8.2700004578,7.6100001335,7.0999999046,6.2300000191,6.2600002289,5.4499998093,4.0799999237,3.3099999428,2.3299999237,1.8500000238,1.9500000477,1.8999999762,1.7899999619,1.5800000429,1.6699999571,2.5,3.1800000668,3.4600000381,3.2899999619,2.7000000477,2.4000000954,2.489000082,2.5339999199
Cabo Verde,CV,,,,,,,,,,,,,,,,,,,,,,,,,,,,,,,,11.8339996338,11.7790002823,11.7309999466,11.6770000458,11.6319999695,11.5869998932,11.5600004196,11.5410003662,11.529999733,11.513999939,11.4720001221,11.4280004501,11.3809995651,11.3140001297,11.2390003204,11.1370000839,11.0270004272,10.9079999924,10.7829999924,10.6700000763,10.5769996643,10.5069999695,10.4250001907,10.3479995728,10.2749996185,10.3249998093,10.3389997482
Curacao,CW,,,,,,,,,,,,,,,,,,,,,,,,,,,,,,,,,,,,,,,,,,,,,,,,,,,,,,,,,,
Cyprus,CY,,,,,,,,,,,,,,,,,,,,,,,,,,,,,,,,2.7920000553,2.0899999142,3.3239998817,3.1119999886,3.4059998989,4.8400001526,5.0920000076,5.1129999161,5.6999998093,4.9800000191,3.9700000286,3.3099999428,4.1300001144,4.3200001717,5.3099999428,4.5399999619,3.9100000858,3.6500000954,5.3600001335,6.2600002289,7.8699998856,11.7899999619,15.8800001144,16.0799999237,14.9200000763,12.9499998093,11.0399999619
Czech Republic,CZ,,,,,,,,,,,,,,,,,,,,,,,,,,,,,,,,2.2699999809,3.2950000763,4.3200001717,4.3000001907,4.0199999809,3.8900001049,4.2699999809,5.9000000954,8.4899997711,8.7600002289,7.9899997711,7.0199999809,7.5399999619,8.2100000381,7.9299998283,7.1500000954,5.3200001717,4.3899998665,6.6599998474,7.2800002098,6.7100000381,6.9800000191,6.9499998093,6.1100001335,5.0500001907,3.9500000477,2.8900001049
Germany,DE,,,,,,,,,,,,,,,,,,,,,,,,,,,,,,,,5.3200001717,6.3200001717,7.6799998283,8.7299995422,8.1599998474,8.8199996948,9.8599996567,9.7899999619,8.8599996567,7.9200000763,7.7699999809,8.4799995422,9.779999733,10.7299995422,11.1700000763,10.25,8.6599998474,7.5199999809,7.7399997711,6.9699997902,5.8200001717,5.3800001144,5.2300000191,4.9800000191,4.6199998856,4.1199998856,3.75
Djibouti,DJ,,,,,,,,,,,,,,,,,,,,,,,,,,,,,,,,6.9210000038,6.9010000229,6.8520002365,6.8169999123,6.7859997749,6.7509999275,6.7290000916,6.7129998207,6.6890001297,6.6370000839,6.6009998322,6.5510001183,6.4899997711,6.4320001602,6.3870000839,6.3520002365,6.3220000267,6.2940001488,6.25,6.2030000687,6.1459999084,6.0720000267,5.9990000725,5.9289999008,5.8639998436,5.8369998932,5.8099999428
Denmark,DK,,,,,,,,,,,,,,,,,,,,,,,,,,,,,,,,9.1000003815,9.029999733,10.720000267,8.0399999619,6.9899997711,6.8400001526,5.4000000954,5.0399999619,5.1399998665,4.4800000191,4.1599998474,4.2699999809,5.4000000954,5.1999998093,4.8299999237,3.9000000954,3.7999999523,3.4300000668,6.0100002289,7.4600000381,7.5700001717,7.5300002098,7,6.5900001526,6.1700000763,6.1799998283,5.7399997711
Dominica,DM,,,,,,,,,,,,,,,,,,,,,,,,,,,,,,,,,,,,,,,,,,,,,,,,,,,,,,,,,,
Dominican Republic,DO,,,,,,,,,,,,,,,,,,,,,,,,,,,,,,,,7.5729999542,6.7449998856,6.9000000954,7.2880001068,6.9739999771,6.9200000763,6.6550002098,6.8099999428,6.8569998741,6.9510002136,7.1209998131,6.9219999313,7.3119997978,7.0440001488,6.4800000191,5.5599999428,5.0700001717,4.6700000763,5.3400001526,5.0199999809,5.8200001717,6.5199999809,7.0700001717,6.4000000954,5.9200000763,5.4899997711,5.486000061
Algeria,DZ,,,,,,,,,,,,,,,,,,,,,,,,,,,,,,,,22.5,24.3799991608,26.2299995422,27.7399997711,31.8400001526,28.611000061,25.4300003052,26.7019996643,28.311000824,29.7700004578,27.2999992371,25.8999996185,23.7199993134,17.6499996185,15.2700004578,12.2700004578,13.7899999619,11.3299999237,10.1599998474,9.9600000381,9.9600000381,10.970000267,9.8199996948,10.6000003815,11.1999998093,10.1999998093,10.1289997101
Ecuador,EC,,,,,,,,,,,,,,,,,,,,,,,,,,,,,,,,5.8099999428,8.8999996185,8.3299999237,7.1300001144,6.8499999046,10.3800001144,9.1700000763,11.4899997711,14.4200000763,8.9799995422,10.7100000381,9.0699996948,11.4399995804,8.5500001907,7.7399997711,7.6900000572,6.0700001717,7.3099999428,6.4699997902,4.0900001526,3.4600000381,3.2300000191,3.0799999237,3.4800000191,3.6199998856,4.5999999046,3.8399999142
Estonia,EE,,,,,,,,,,,,,,,,,,,,,,,,,,,,,,,,1.4700000286,3.6800000668,6.5399999619,7.5599999428,9.6599998474,9.9200000763,10.3699998856,9.5100002289,11.5699996948,13.3599996567,13.1300001144,10.029999733,11.2899999619,10.25,8.029999733,5.9099998474,4.5900001526,5.4499998093,13.5500001907,16.7099990845,12.3299999237,10.0200004578,8.6300001144,7.3499999046,6.1900000572,6.7600002289,5.7600002289
"Egypt, Arab Rep.",EG,,,,,,,,,,,,,,,,,,,,,,,,,,,,,,,,9.6000003815,9,10.8999996185,11,11.3000001907,9,8.3699998856,8.029999733,7.9499998093,8.9799995422,9.2600002289,10.0100002289,11.0100002289,10.3000001907,11.1999998093,10.4899997711,8.8000001907,8.5200004578,9.0900001526,11.8500003815,11.8500003815,12.6000003815,13.1499996185,13.1000003815,13.0500001907,12.4099998474,12.079000473
Eritrea,ER,,,,,,,,,,,,,,,,,,,,,,,,,,,,,,,,6.6999998093,6.6979999542,6.7610001564,6.8029999733,6.875,6.8850002289,6.9539999962,6.992000103,7.0089998245,7.0320000648,7.0279998779,7.0819997787,7.0489997864,7.001999855,6.9759998322,6.9380002022,6.9079999924,6.8439998627,6.8280000687,6.7800002098,6.7459998131,6.6859998703,6.623000145,6.5859999657,6.5560002327,6.4520001411,6.3629999161
Spain,ES,,,,,,,,,,,,,,,,,,,,,,,,,,,,,,,,15.9300003052,17.7000007629,22.1599998474,24.2099990845,22.6700000763,22.1399993896,20.7000007629,18.6700000763,15.4799995422,13.7899999619,10.3500003815,11.1499996185,11.279999733,11.0900001526,9.1499996185,8.4499998093,8.2299995422,11.25,17.8600006104,19.8600006104,21.3899993896,24.7900009155,26.0900001526,24.4400005341,22.0599994659,19.6299991608,17.2199993134
Ethiopia,ET,,,,,,,,,,,,,,,,,,,,,,,,,,,,,,,,3.0810000896,3.0820000172,3.117000103,3.0999999046,4.2039999962,5.3439998627,6.4310002327,7.5489997864,8.7100000381,8.1949996948,7.6319999695,7.0489997864,6.4850001335,5.9850001335,5.3800001144,5.3410000801,5.3070001602,5.2690000534,5.2319998741,5.2039999962,5.1799998283,5.1440000534,4.9800000191,4.978000164,4.9720001221,5.0929999352,5.2039999962
Finland,FI,,,,,,,,,,,,,,,,,,,,,,,,,,,,,,,,6.5,11.5900001526,16.2000007629,16.4300003052,17,15.5699996948,14.970000267,13.2100000381,11.6899995804,11.1300001144,10.2899999619,10.4200000763,10.470000267,10.3599996567,8.3800001144,7.7199997902,6.8499999046,6.3699998856,8.25,8.3900003433,7.7800002098,7.6900000572,8.1899995804,8.6599998474,9.3800001144,8.8199996948,8.6400003433
Fiji,FJ,,,,,,,,,,,,,,,,,,,,,,,,,,,,,,,,5.9299998283,5.3499999046,5.8800001144,5.6999998093,5.4000000954,5.7800002098,6.1440000534,6.6399998665,7.1979999542,7.5229997635,7.9510002136,8.3299999237,8.220000267,4.6999998093,4.6199998856,6.631000042,8.5699996948,8.9399995804,8.720000267,8.9099998474,9.0200004578,9,7.5789999962,6.1700000763,6.0989999771,6.2379999161,6.3049998283
"Micronesia, Fed. Sts.",FM,,,,,,,,,,,,,,,,,,,,,,,,,,,,,,,,,,,,,,,,,,,,,,,,,,,,,,,,,,
Faroe Islands,FO,,,,,,,,,,,,,,,,,,,,,,,,,,,,,,,,,,,,,,,,,,,,,,,,,,,,,,,,,,
France,FR,,,,,,,,,,,,,,,,,,,,,,,,,,,,,,,,9.1300001144,10.2100000381,11.3199996948,12.5900001526,11.8400001526,12.3699998856,12.5699996948,12.0699996948,11.9799995422,10.220000267,8.6099996567,8.6999998093,8.3100004196,8.9099998474,8.4899997711,8.4499998093,7.6599998474,7.0599999428,8.7399997711,8.8699998856,8.8100004196,9.3999996185,9.9200000763,10.3000001907,10.3599996567,10.0600004196,9.3999996185
Gabon,GA,,,,,,,,,,,,,,,,,,,,,,,,,,,,,,,,17.7709999084,17.452999115,17.7800006866,17.7730007172,17.8209991455,17.736000061,17.8020000458,17.6469993591,17.2609996796,17.2619991302,17.3759994507,17.2119998932,17.204000473,17.0900001526,16.9099998474,17.4899997711,18.5219993591,18.8740005493,19.2950000763,20.3899993896,20.3659992218,20.2290000916,20.188999176,20.0839996338,20.0049991608,19.8869991302,19.6590003967
Grenada,GD,,,,,,,,,,,,,,,,,,,,,,,,,,,,,,,,,,,,,,,,,,,,,,,,,,,,,,,,,,
Georgia,GE,,,,,,,,,,,,,,,,,,,,,,,,,,,,,,,,10.0869998932,9.3950004578,9.5089998245,10.1359996796,12.0469999313,14.4329996109,14.7399997711,14.5500001907,13.8000001907,10.8199996948,11.1599998474,12.5900001526,11.5100002289,12.6199998856,13.8100004196,13.5799999237,13.279999733,16.4699993134,16.8400001526,16.2999992371,15.0600004196,15.0399999619,14.5600004196,12.3500003815,11.9600000381,11.7600002289,11.6020002365
Ghana,GH,,,,,,,,,,,,,,,,,,,,,,,,,,,,,,,,4.7179999352,4.6999998093,5.3119997978,5.9180002213,6.5209999084,7.1259999275,7.7259998322,8.1999998093,10.1000003815,10.3599996567,9.2309999466,8.1020002365,6.9739999771,5.8460001945,4.7170000076,3.5999999046,4.0440001488,4.4970002174,4.9320001602,5.3200001717,4.4720001221,3.6289999485,2.1700000763,2.1640000343,2.1540000439,2.2599999905,2.3550000191
Gibraltar,GI,,,,,,,,,,,,,,,,,,,,,,,,,,,,,,,,,,,,,,,,,,,,,,,,,,,,,,,,,,
Greenland,GL,,,,,,,,,,,,,,,,,,,,,,,,,,,,,,,,,,,,,,,,,,,,,,,,,,,,,,,,,,
"Gambia, The",GM,,,,,,,,,,,,,,,,,,,,,,,,,,,,,,,,9.1020002365,9.1630001068,9.1610002518,9.1599998474,9.1920003891,9.2259998322,9.263999939,9.3219995499,9.359000206,9.3839998245,9.3920001984,9.3760004044,9.4010000229,9.4029998779,9.3809995651,9.3850002289,9.3920001984,9.3999996185,9.4060001373,9.4119997025,9.392999649,9.4200000763,9.4219999313,9.4270000458,9.4200000763,9.4320001602,9.4499998093
Guinea,GN,,,,,,,,,,,,,,,,,,,,,,,,,,,,,,,,4.5149998665,4.5209999084,4.5260000229,4.5300002098,4.5289998055,4.5359997749,4.5409998894,4.5450000763,4.5450000763,4.5460000038,4.5489997864,4.5500001907,4.5650000572,4.5630002022,4.5590000153,4.5619997978,4.5440001488,4.5510001183,4.5619997978,4.5450000763,4.5370001793,4.5320000648,4.5349998474,4.5310001373,4.5269999504,4.5100002289,4.4850001335
Equatorial Guinea,GQ,,,,,,,,,,,,,,,,,,,,,,,,,,,,,,,,5.7399997711,5.7529997826,5.7230000496,5.7080001831,5.6960000992,5.7389998436,5.7870001793,5.771999836,5.7769999504,5.7909998894,5.8179998398,5.7969999313,5.7880001068,5.7940001488,5.7490000725,5.7329998016,5.7129998207,5.6840000153,5.6360001564,5.5809998512,5.5700001717,5.5510001183,5.5229997635,5.4949998856,5.4590001106,6.1939997673,6.9140000343
Greece,GR,,,,,,,,,,,,,,,,,,,,,,,,,,,,,,,,7.6599998474,7.8400001526,8.6099996567,8.8599996567,9.0600004196,9.6599998474,9.5799999237,10.8400001526,11.8500003815,11.25,10.4600000381,9.970000267,9.4099998474,10.3100004196,9.9899997711,9.0100002289,8.3999996185,7.7600002289,9.6199998856,12.7100000381,17.8600006104,24.4400005341,27.4699993134,26.4899997711,24.8999996185,23.5400009155,21.4899997711
Guatemala,GT,,,,,,,,,,,,,,,,,,,,,,,,,,,,,,,,3.2000000477,2.9630000591,2.8599998951,2.6949999332,2.5020000935,2.3870000839,2.1770000458,1.9889999628,1.8999999762,1.4199999571,1.2999999523,3.1300001144,3.4000000954,3.1300001144,2.4639999866,1.8200000525,2.5,2.8029999733,3.0999999046,3.7400000095,4.1300001144,2.8699998856,3.3199999332,2.9100000858,2.7000000477,2.8299999237,2.7349998951
Guam,GU,,,,,,,,,,,,,,,,,,,,,,,,,,,,,,,,3.5199999809,3.8399999142,5.5300002098,7.5999999046,7.9000000954,8.279999733,9.6700000763,7.7399997711,13.9499998093,15.3199996948,13,11.3900003433,9.5450000763,7.6999998093,7,7.4000000954,8.3000001907,8.8000001907,9.3000001907,8.1999998093,13.3000001907,12.1999998093,11.5,7.5999999046,6.9000000954,5.4000000954,5.6050000191
Guinea-Bissau,GW,,,,,,,,,,,,,,,,,,,,,,,,,,,,,,,,6.388999939,6.4000000954,6.4180002213,6.4349999428,6.4450001717,6.4739999771,6.5009999275,6.486000061,6.5359997749,6.5209999084,6.5149998665,6.4930000305,6.4829998016,6.4710001945,6.4530000687,6.4299998283,6.4089999199,6.382999897,6.3540000916,6.3280000687,6.3150000572,6.2670001984,6.25,6.2170000076,6.1960000992,6.1449999809,6.0999999046
Guyana,GY,,,,,,,,,,,,,,,,,,,,,,,,,,,,,,,,12.515999794,11.8999996185,11.5729999542,11.3339996338,12.0399999619,11.1840000153,11.4569997787,13.329000473,11.8760004044,12.8000001907,11.6809997559,11.8100004196,12.1590003967,11.5329999924,12.4379997253,10.6999998093,10.3009996414,11.501999855,11.1680002213,10.9169998169,10.7829999924,11.0749998093,11.1260004044,11.5749998093,11.8090000153,11.7550001144,12.0399999619
"Hong Kong SAR, China",HK,,,,,,,,,,,,,,,,,,,,,,,,,,,,,,,,1.7999999523,1.9600000381,1.9600000381,1.8999999762,3.2200000286,2.8299999237,2.2200000286,4.5799999237,6.25,4.9200000763,5.0900001526,7.2800002098,7.8600001335,6.7399997711,5.5799999237,4.7699999809,4.0100002289,3.5599999428,5.2600002289,4.3099999428,3.4200000763,3.2899999619,3.3800001144,3.2799999714,3.2999999523,3.3529999256,3.0899999142
Honduras,HN,,,,,,,,,,,,,,,,,,,,,,,,,,,,,,,,4.5799999237,3.0599999428,3.0820000172,3.1050000191,3.2400000095,4.3699998856,3.3199999332,4.0199999809,3.8499999046,3.8880000114,4,4.0199999809,5.3000001907,5.9899997711,4.9099998474,3.5699999332,3.2100000381,3.1600000858,3.2899999619,4.1199998856,4.4699997902,3.75,4.0999999046,5.4899997711,4.5900001526,4.6700000763,4.486000061
Croatia,HR,,,,,,,,,,,,,,,,,,,,,,,,,,,,,,,,11.1400003433,10.859000206,10.6560001373,11.6490001678,10.9289999008,9.9499998093,9.9099998474,11.3900003433,13.5600004196,16.0599994659,15.8199996948,15.0500001907,13.9200000763,13.6599998474,12.6000003815,11.1300001144,9.9099998474,8.529999733,9.1999998093,11.6199998856,13.6800003052,15.9300003052,17.25,17.2900009155,16.1800003052,13.1000003815,11.2100000381
Haiti,HT,,,,,,,,,,,,,,,,,,,,,,,,,,,,,,,,7.6449999809,7.8860001564,7.9140000343,7.978000164,6.9530000687,7.1599998474,7.243999958,7.2630000114,7.1999998093,8.5880002975,10.1120004654,11.3699998856,12.6330003738,14.486000061,15.0290002823,16.1539993286,16.7999992371,16.5540008545,15.4670000076,15.9460000992,13.718000412,14.1000003815,13.8529996872,13.9390001297,14.0450000763,14.001999855,13.9879999161
Hungary,HU,,,,,,,,,,,,,,,,,,,,,,,,,,,,,,,,9.6040000916,9.9399995804,12.1000003815,10.8500003815,10.1700000763,10.0200004578,8.9899997711,8.9300003052,6.9299998283,6.5599999428,5.6700000763,5.6100001335,5.7899999619,5.8299999237,7.1900000572,7.4899997711,7.4099998474,7.8200001717,10.029999733,11.1700000763,11.029999733,11,10.1800003052,7.7300000191,6.8099999428,5.1100001335,4.1599998474
Indonesia,ID,,,,,,,,,,,,,,,,,,,,,,,,,,,,,,,,2.5899999142,2.7400000095,3.0669999123,3.378000021,3.6949999332,4,4.6999998093,5.4600000381,6.3000001907,6.0799999237,5.8800001144,6.3400001526,6.1799998283,6.7100000381,7.7100000381,7.5500001907,8.0600004196,7.2100000381,6.1100001335,5.6100001335,5.1500000954,4.4699997902,4.3400001526,4.0500001907,4.5100002289,4.1199998856,4.1799998283
Ireland,IE,,,,,,,,,,,,,,,,,,,,,,,,,,,,,,,,15.779999733,15.029999733,15.5900001526,14.5699996948,11.9799995422,11.720000267,10.1999998093,7.6999998093,5.8000001907,4.3200001717,3.6800000668,4.2199997902,4.4800000191,4.4899997711,4.3400001526,4.4099998474,4.6700000763,6.4000000954,12.0100002289,13.8500003815,14.6199998856,14.6700000763,13.0399999619,11.2600002289,9.3999996185,7.8899998665,6.3990001678
Israel,IL,,,,,,,,,,,,,,,,,,,,,,,,,,,,,,,,13.3900003433,14.0799999237,12.7399997711,9.9300003052,8.779999733,8.4600000381,9.75,10.75,11.1800003052,11.1000003815,11.8100004196,12.8900003433,13.5100002289,13.029999733,11.3400001526,10.7100000381,9.3800001144,7.6999998093,9.529999733,8.4799995422,7.1399998665,6.8600001335,6.2100000381,5.8899998665,5.25,4.8000001907,4.2199997902
Isle of Man,IM,,,,,,,,,,,,,,,,,,,,,,,,,,,,,,,,,,,,,,,,,,,,,,,,,,,,,,,,,,
India,IN,,,,,,,,,,,,,,,,,,,,,,,,,,,,,,,,3.8320000172,3.7170000076,3.7409999371,3.6519999504,3.7160000801,3.8139998913,4.0599999428,4.0640001297,4.0630002022,4.3169999123,4.3260002136,4.4320001602,4.3080000877,4.368999958,4.3959999084,4.2369999886,4.0599999428,4.1160001755,3.7509999275,3.5399999619,3.5290000439,3.6210000515,3.4639999866,3.4140000343,3.4900000095,3.5050001144,3.5230000019
Iraq,IQ,,,,,,,,,,,,,,,,,,,,,,,,,,,,,,,,10.2449998856,9.0900001526,8.8579998016,9.7510004044,9.9930000305,8.7589998245,9.0039997101,8.6459999084,8.6999998093,9.2189998627,9.1350002289,9.0270004272,7.9330000877,7.8629999161,8.5819997787,8.5279998779,8.6499996185,8.4930000305,8.5030002594,8.3360004425,8.2080001831,7.9600000381,8.0640001297,8.2030000687,8.0869998932,7.9089999199,8.1610002518
"Iran, Islamic Rep.",IR,,,,,,,,,,,,,,,,,,,,,,,,,,,,,,,,11.1000003815,10.8710002899,10.4580001831,10.0920000076,9.6049995422,9.1000003815,10.1540002823,11.0220003128,12.0089998245,12.7670001984,13.8920001984,12.8000001907,11.3979997635,10.3000001907,12.1000003815,11.1999998093,10.6000003815,10.4799995422,11.970000267,13.5200004578,12.3000001907,12.2100000381,10.4399995804,10.5699996948,11.0600004196,12.4300003052,12.515999794
Iceland,IS,,,,,,,,,,,,,,,,,,,,,,,,,,,,,,,,2.5499999523,4.3000001907,5.2600002289,5.3299999237,5.1999998093,3.5999999046,3.7200000286,3.0699999332,2.1800000668,1.9400000572,1.8700000048,2.9900000095,4,4.0300002098,2.5499999523,2.8299999237,2.25,2.9500000477,7.2199997902,7.5599999428,7.0300002098,6,5.3800001144,4.9000000954,3.9800000191,2.9800000191,2.75
Italy,IT,,,,,,,,,,,,,,,,,,,,,,,,,,,,,,,,10.1000003815,9.3299999237,10.2399997711,11.0900001526,11.6700000763,11.8699998856,12,12.1199998856,11.6899995804,10.8400001526,9.6000003815,9.2100000381,8.8699998856,7.8699998856,7.7300000191,6.7800002098,6.0799999237,6.7199997902,7.75,8.3599996567,8.3599996567,10.6499996185,12.1499996185,12.6800003052,11.8999996185,11.6899995804,11.2100000381
Jamaica,JM,,,,,,,,,,,,,,,,,,,,,,,,,,,,,,,,15.7399997711,15.3999996185,16.3199996948,15.3400001526,16.2299995422,16.0100002289,16.3500003815,15.5,15.7399997711,15.5100002289,14.9300003052,14.3400001526,11.7399997711,11.4399995804,10.8800001144,9.5699996948,9.2600002289,10.3299999237,11.3599996567,12.3699998856,12.6999998093,13.9300003052,15.25,13.7399997711,13.5100002289,13.1899995804,12.4479999542
Jordan,JO,,,,,,,,,,,,,,,,,,,,,,,,,,,,,,,,19.8670005798,20.2789993286,19.7000007629,18.1790008545,14.6000003815,13.6999998093,13.6379995346,13.5039997101,13.4250001907,13.6999998093,14.6999998093,15.3000001907,14.5,14.545999527,14.8000001907,14,13.1000003815,12.6999998093,12.8999996185,12.5,12.8999996185,12.1999998093,12.6000003815,11.8999996185,13.0749998093,15.2749996185,14.9219999313
Japan,JP,,,,,,,,,,,,,,,,,,,,,,,,,,,,,,,,2.0899999142,2.1600000858,2.5099999905,2.8900001049,3.1500000954,3.3499999046,3.3900001049,4.1100001335,4.6799998283,4.7300000191,5.0399999619,5.3699998856,5.25,4.7100000381,4.4200000763,4.1300001144,3.8499999046,3.9800000191,5.0799999237,5.0700001717,4.5500001907,4.3499999046,4.0300002098,3.5799999237,3.3299999237,3.1300001144,2.8299999237
Kenya,KE,,,,,,,,,,,,,,,,,,,,,,,,,,,,,,,,10.2390003204,10.2019996643,10.1630001068,10.1300001144,10.0939998627,10.0699996948,10.029999733,10.0290002823,10,10.1129999161,10.2440004349,10.3199996948,10.4130001068,10.4809999466,10.5249996185,10.6719999313,10.8269996643,10.9309997559,12.1700000763,12.0880002975,11.9879999161,11.876999855,11.7650003433,11.6669998169,11.5880002975,11.5200004578,11.470000267
Kyrgyz Republic,KG,,,,,,,,,,,,,,,,,,,,,,,,,,,,,,,,5.4869999886,5.0960001945,5.1370000839,5.2459998131,5.513999939,7.2449998856,7.3990001678,7.4739999771,7.6050000191,7.5,7.8000001907,12.5500001907,9.9200000763,8.529999733,8.1099996567,8.2700004578,8.1499996185,8.220000267,8.4099998474,8.6400003433,8.529999733,8.4300003052,8.3299999237,8.0500001907,7.5599999428,7.2100000381,7.2839999199
Cambodia,KH,,,,,,,,,,,,,,,,,,,,,,,,,,,,,,,,0.8740000129,0.8470000029,0.8330000043,0.8550000191,0.8460000157,0.8399999738,2.9930000305,5.2600002289,3.8099999428,2.4700000286,1.8200000525,2.0099999905,2.0820000172,2.3480000496,1.9989999533,1.6410000324,0.8700000048,0.4399999976,0.1899999976,0.349999994,0.200000003,0.1599999964,0.3000000119,0.1800000072,0.1790000051,0.1979999989,0.2160000056
Kiribati,KI,,,,,,,,,,,,,,,,,,,,,,,,,,,,,,,,,,,,,,,,,,,,,,,,,,,,,,,,,,
Comoros,KM,,,,,,,,,,,,,,,,,,,,,,,,,,,,,,,,4.7550001144,4.7509999275,4.7449998856,4.7319998741,4.7179999352,4.7059998512,4.6909999847,4.6760001183,4.6579999924,4.6420001984,4.6259999275,4.6079998016,4.5900001526,4.5700001717,4.5359997749,4.5260000229,4.5069999695,4.4850001335,4.4609999657,4.4390001297,4.4200000763,4.3990001678,4.3779997826,4.3619999886,4.3449997902,4.3470001221,4.3410000801
St. Kitts and Nevis,KN,,,,,,,,,,,,,,,,,,,,,,,,,,,,,,,,,,,,,,,,,,,,,,,,,,,,,,,,,,
"Korea, Dem. Peopleâ€™s Rep.",KP,,,,,,,,,,,,,,,,,,,,,,,,,,,,,,,,8.0600004196,8.3459997177,7.7890000343,7.0130000114,7.4369997978,4.9380002022,4.8740000725,4.6810002327,4.4439997673,4.5409998894,4.4210000038,4.5,4.501999855,4.5120000839,4.4660000801,4.6050000191,4.6009998322,4.4699997902,4.5819997787,4.5619997978,4.515999794,4.4930000305,4.492000103,4.4809999466,4.5229997635,4.7210001945,4.7760000229
"Korea, Rep.",KR,,,,,,,,,,,,,,,,,,,,,,,,,,,,,,,,2.4100000858,2.5099999905,2.8800001144,2.4800000191,2.0599999428,2.0499999523,2.6099998951,6.9600000381,6.3400001526,4.4200000763,4,3.2799999714,3.5599999428,3.6700000763,3.7300000191,3.4500000477,3.2300000191,3.1600000858,3.6400001049,3.7200000286,3.4100000858,3.2200000286,3.1199998856,3.5299999714,3.6300001144,3.7100000381,3.7300000191
Kuwait,KW,,,,,,,,,,,,,,,,,,,,,,,,,,,,,,,,0.9419999719,0.8109999895,0.8000000119,0.6999999881,2.1300001144,0.6999999881,0.6999999881,0.6999999881,0.6999999881,0.8000000119,0.8000000119,1.1000000238,1.2999999523,1.7000000477,1.9500000477,1.2999999523,1.5,1.75,1.6399999857,1.8200000525,3.5999999046,3.5120000839,3.4249999523,2.9000000954,2.2000000477,2.2309999466,2.1370000839
Cayman Islands,KY,,,,,,,,,,,,,,,,,,,,,,,,,,,,,,,,,,,,,,,,,,,,,,,,,,,,,,,,,,
Kazakhstan,KZ,,,,,,,,,,,,,,,,,,,,,,,,,,,,,,,,1.1440000534,1.1289999485,1.1100000143,7.5399999619,10.9799995422,12.9600000381,13,13.1000003815,13.4600000381,12.75,10.4300003052,9.3299999237,8.779999733,8.3999996185,8.1300001144,7.7899999619,7.2600002289,6.6300001144,6.5500001907,5.7699999809,5.3899998665,5.2899999619,5.1999998093,5.0599999428,4.9299998283,4.9600000381,4.9000000954
Lao PDR,LA,,,,,,,,,,,,,,,,,,,,,,,,,,,,,,,,2.6089999676,2.628000021,2.6099998951,2.6229999065,2.5999999046,2.4389998913,2.2829999924,2.1099998951,1.9620000124,1.8320000172,1.6710000038,1.5379999876,1.3919999599,1.2569999695,1.3500000238,1.2109999657,1.0599999428,0.9129999876,0.7639999986,0.7099999785,0.7009999752,0.6890000105,0.67900002,0.6639999747,0.6499999762,0.6610000134,0.6710000038
Lebanon,LB,,,,,,,,,,,,,,,,,,,,,,,,,,,,,,,,8.7049999237,8.9479999542,8.8699998856,8.8059997559,8.7849998474,8.7810001373,8.6199998856,8.6120004654,8.5869998932,8.4219999313,8.2110004425,8.0989999771,8.031999588,7.8499999046,8.1319999695,8.4149999619,8.9799995422,7.6669998169,6.3550000191,6.3819999695,6.5599999428,6.5539999008,6.5840001106,6.6079998016,6.6279997826,6.5789999962,6.640999794
St. Lucia,LC,,,,,,,,,,,,,,,,,,,,,,,,,,,,,,,,17.8099994659,16.6849994659,17.3260002136,17.0100002289,16.2999992371,16.3199996948,20.4699993134,21.6000003815,18.0900001526,16.4899997711,13.0799999237,20.3899993896,22.1800003052,20.9699993134,18.7000007629,16,14,12.720000267,15.3699998856,20.6399993896,18.8600006104,19.0599994659,22.2099990845,22.6550006866,24.0900001526,21.2600002289,20.9829998016
Liechtenstein,LI,,,,,,,,,,,,,,,,,,,,,,,,,,,,,,,,,,,,,,,,,,,,,,,,,,,,,,,,,,
Sri Lanka,LK,,,,,,,,,,,,,,,,,,,,,,,,,,,,,,,,14.6599998474,14.220000267,13.8199996948,13.029999733,12.2700004578,11.3500003815,10.6000003815,9.1700000763,8.8800001144,7.7399997711,7.9000000954,8.7600002289,8.220000267,8.3800001144,7.6700000763,6.5,5.9699997902,5.2199997902,5.8499999046,4.9400000572,4.1100001335,3.8800001144,4.4400000572,4.4000000954,4.6700000763,4.3699998856,4.0789999962
Liberia,LR,,,,,,,,,,,,,,,,,,,,,,,,,,,,,,,,5.6420001984,5.6789999008,5.6999998093,5.7090001106,5.6880002022,5.6519999504,5.5619997978,5.5739998817,5.5809998512,5.5520000458,5.5920000076,5.5900001526,5.6649999619,5.617000103,5.6139998436,5.609000206,5.5999999046,4.7600002289,3.9189999104,2.2699999809,2.263999939,2.2590000629,2.2550001144,2.2730000019,2.2720000744,2.3380000591,2.388999939
Lesotho,LS,,,,,,,,,,,,,,,,,,,,,,,,,,,,,,,,36.436000824,33.1930007935,38.5270004272,36.9760017395,41.5569992065,35.8810005188,39.2999992371,44.1570014954,27.2700004578,22.9559993744,28.3519992828,34.6409988403,30.3700008392,38.0400009155,37.2249984741,34.9539985657,34.8520011902,35.4599990845,34.3839988708,25.857000351,28.1900005341,23.156999588,24.5799999237,24.7569999695,26.9750003815,27.781999588,27.2450008392
Lithuania,LT,,,,,,,,,,,,,,,,,,,,,,,,,,,,,,,,17.7889995575,17.0520000458,17.3869991302,17.3299999237,17.5400009155,16.3999996185,14.1300001144,13.7100000381,13.3900003433,15.9300003052,16.8400001526,13.0100002289,12.8699998856,10.6800003052,8.3199996948,5.7800002098,4.25,5.8299999237,13.7899999619,17.8099994659,15.3900003433,13.3599996567,11.7700004578,10.6999998093,9.1199998856,7.8600001335,7.0700001717
Luxembourg,LU,,,,,,,,,,,,,,,,,,,,,,,,,,,,,,,,1.4800000191,2.0299999714,2.3299999237,3.4800000191,2.9200000763,3.2899999619,2.5299999714,2.7599999905,2.3900001049,2.3499999046,1.7999999523,2.6199998856,3.6800000668,5.1100001335,4.4899997711,4.7300000191,4.0700001717,5.0599999428,5.1199998856,4.3600001335,4.9000000954,5.1399998665,5.8499999046,5.8499999046,6.6700000763,6.2899999619,5.5199999809
Latvia,LV,,,,,,,,,,,,,,,,,,,,,,,,,,,,,,,,18.892999649,18.1130008698,19.1319999695,21.6550006866,20.1159992218,20.9300003052,14.8999996185,14.4600000381,13.7899999619,14.2100000381,13.8199996948,13.8299999237,12.0600004196,11.7100000381,10.029999733,7.0300002098,6.0500001907,7.7399997711,17.5100002289,19.4799995422,16.2099990845,15.0500001907,11.8699998856,10.8500003815,9.8699998856,9.6400003433,8.7100000381
Libya,LY,,,,,,,,,,,,,,,,,,,,,,,,,,,,,,,,20.1739997864,19.4190006256,19.361000061,19.8260002136,18.656999588,19.8810005188,19.6280002594,19.6149997711,19.6229991913,19.8069992065,19.313999176,19.2910003662,20.3299999237,19.5170001984,19.9930000305,19.4309997559,19.2950000763,18.8710002899,18.283000946,18.6159992218,15.7930002213,19.0300006866,18.7409992218,18.4880008698,18.357000351,18.4230003357,17.6840000153
Morocco,MA,,,,,,,,,,,,,,,,,,,,,,,,,,,,,,,,17.2999992371,16,15.8999996185,19.4440002441,22.8999996185,18.1000003815,16.8999996185,19.1200008392,13.9399995804,13.5799999237,12.4600000381,11.5900001526,11.9200000763,10.8299999237,11.0100002289,9.6700000763,9.5600004196,9.5699996948,9.1000003815,9.0600004196,8.9099998474,8.9899997711,9.2299995422,9.6999998093,9.6599998474,9.3999996185,9.3319997787
Monaco,MC,,,,,,,,,,,,,,,,,,,,,,,,,,,,,,,,,,,,,,,,,,,,,,,,,,,,,,,,,,
Moldova,MD,,,,,,,,,,,,,,,,,,,,,,,,,,,,,,,,8.4689998627,8.1840000153,8.2650003433,7.3949999809,8.4469995499,10.861000061,10.9399995804,11.0220003128,11.1300001144,8.470000267,7.2800002098,6.8000001907,7.9499998093,8.1700000763,7.2899999619,7.3800001144,5.0700001717,3.9800000191,6.4000000954,7.4499998093,6.6799998283,5.5799999237,5.0999999046,3.8599998951,3.6900000572,4.1799998283,4.4539999962
Montenegro,ME,,,,,,,,,,,,,,,,,,,,,,,,,,,,,,,,27.0659999847,26.1520004272,26.0370006561,32.0279998779,30.4340000153,33.0499992371,29.5830001831,29.9290008545,28.3050003052,32.0550003052,29.6060009003,29.8330001831,30.0060005188,30.406999588,30.3099994659,24.8549995422,19.3999996185,17.1499996185,19.0900001526,19.6800003052,19.7099990845,19.7299995422,19.5,18,17.5200004578,17.7000007629,16.0699996948
St. Martin (French part),MF,,,,,,,,,,,,,,,,,,,,,,,,,,,,,,,,,,,,,,,,,,,,,,,,,,,,,,,,,,
Madagascar,MG,,,,,,,,,,,,,,,,,,,,,,,,,,,,,,,,5.8070001602,5.8179998398,5.8200001717,5.8119997978,5.8140001297,5.8150000572,5.8159999847,5.8130002022,5.8090000153,5.8000001907,5.3499999046,4.9359998703,4.5199999809,3.4349999428,2.2999999523,2.6070001125,2.9159998894,3.2279999256,3.5250000954,3.8399999142,2.246999979,0.6000000238,0.8930000067,1.1859999895,1.7999999523,1.7960000038,1.7970000505
Marshall Islands,MH,,,,,,,,,,,,,,,,,,,,,,,,,,,,,,,,,,,,,,,,,,,,,,,,,,,,,,,,,,
"Macedonia, FYR",MK,,,,,,,,,,,,,,,,,,,,,,,,,,,,,,,,35.7010002136,35.6739997864,35.8349990845,36.0279998779,35.8149986267,36.2120018005,36,34.5,32.4000015259,32.2000007629,30.5200004578,31.9400005341,36.6899986267,37.1599998474,37.25,36.0299987793,34.9300003052,33.7599983215,32.1800003052,32.0200004578,31.3799991608,31.0200004578,29,28.0300006866,26.0699996948,23.7199993134,22.3799991608
Mali,ML,,,,,,,,,,,,,,,,,,,,,,,,,,,,,,,,3.0739998817,3.0780000687,3.0859999657,3.0920000076,3.0940001011,3.0999999046,3.0999999046,3.9000000954,4.7020001411,5.493999958,6.3039999008,7.0890002251,7.8899998665,8.75,9.5329999924,10.3219995499,11.7100000381,10.8540000916,9.9890003204,8.0699996948,6.9000000954,7.0999999046,7.3000001907,6.3800001144,7.7300000191,7.8130002022,7.9109997749
Myanmar,MM,,,,,,,,,,,,,,,,,,,,,,,,,,,,,,,,0.8909999728,0.9070000052,0.8939999938,0.8939999938,0.8960000277,0.8920000196,0.8870000243,0.8840000033,0.8939999938,0.8920000196,0.8830000162,0.8759999871,0.8700000048,0.8610000014,0.851000011,0.8389999866,0.8259999752,0.7969999909,0.7919999957,0.7850000262,0.7820000052,0.7810000181,0.7789999843,0.7749999762,0.7699999809,0.7829999924,0.7940000296
Mongolia,MN,,,,,,,,,,,,,,,,,,,,,,,,,,,,,,,,9.6120004654,9.6719999313,8.6000003815,9,5.5,6.6999998093,7.6999998093,5.9000000954,4.6999998093,4.5999999046,4.5999999046,5.8070001602,6.8000001907,3.5999999046,3.2999999523,3.2000000477,7.1999998093,5.5599999428,5.8600001335,6.5500001907,4.7699999809,3.9000000954,4.2300000191,4.8000001907,4.8600001335,7.2399997711,6.9590001106
"Macao SAR, China",MO,,,,,,,,,,,,,,,,,,,,,,,,,,,,,,,,3.0099999905,2.2999999523,2.0999999046,2.5,3.5999999046,4.3000001907,3.0899999142,4.4600000381,6.3099999428,6.8699998856,6.3899998665,6.2800002098,6.1300001144,4.8899998665,4.1599998474,3.7400000095,3.0299999714,3.0299999714,3.5799999237,2.8399999142,2.5599999428,1.9700000286,1.8200000525,1.7000000477,1.8099999428,1.9069999456,1.9769999981
Northern Mariana Islands,MP,,,,,,,,,,,,,,,,,,,,,,,,,,,,,,,,,,,,,,,,,,,,,,,,,,,,,,,,,,
Mauritania,MR,,,,,,,,,,,,,,,,,,,,,,,,,,,,,,,,10.845000267,10.8940000534,11.0089998245,10.763999939,11.0799999237,10.9519996643,10.6800003052,10.779999733,10.8970003128,10.5920000076,10.6149997711,10.5170001984,10.6180000305,10.5509996414,10.5830001831,10.5959997177,10.2919998169,10.1820001602,10.0659999847,10.1770000458,10.1219997406,10.1000003815,10.0749998093,10.0240001678,9.8509998322,9.843000412,9.876999855
Malta,MT,,,,,,,,,,,,,,,,,,,,,,,,,,,,,,,,6.4219999313,6.896999836,7.0329999924,7.4670000076,6.0749998093,7.1919999123,6.9060001373,7.3099999428,7.0809998512,6.3200001717,7.1100001335,6.9000000954,7.4899997711,7.3200001717,6.9200000763,6.8000001907,6.4699997902,5.9800000191,6.8899998665,6.8499999046,6.3800001144,6.3099999428,6.3899998665,5.8000001907,5.3899998665,4.6999998093,4.0100002289
Mauritius,MU,,,,,,,,,,,,,,,,,,,,,,,,,,,,,,,,10.1750001907,10.0810003281,9.8990001678,9.7309999466,9.5900001526,9.0719995499,8.5799999237,8.1440000534,7.6479997635,7.3390002251,6.8000001907,7.1999998093,7.6999998093,8.4899997711,9.6199998856,9.1400003433,8.529999733,7.2199997902,7.4899997711,7.6900000572,7.9099998474,8.1499996185,8,7.7199997902,7.9200000763,7.3000001907,7.1300001144
Maldives,MV,,,,,,,,,,,,,,,,,,,,,,,,,,,,,,,,0.7919999957,0.7940000296,0.800999999,0.7860000134,0.7900000215,1.0010000467,1.2130000591,1.4470000267,1.7139999866,1.9700000286,2.3159999847,2.5840001106,2.6710000038,3.2109999657,3.8410000801,3.4760000706,3.9539999962,4.1160001755,4.8680000305,4.5770001411,4.6810002327,5.1139998436,4.9660000801,5.2100000381,5.0529999733,5.0279998779,4.9949998856
Malawi,MW,,,,,,,,,,,,,,,,,,,,,,,,,,,,,,,,7.7989997864,7.5440001488,7.8179998398,7.5269999504,7.8439998627,7.8280000687,7.7630000114,7.6490001678,7.7179999352,7.6700000763,7.626999855,7.7189998627,7.8220000267,7.8319997787,7.8000001907,7.5999999046,7.4749999046,7.1970000267,6.9749999046,6.7090001106,6.4289999008,6.1339998245,5.9499998093,5.9429998398,5.8839998245,5.8579998016,5.8979997635
Mexico,MX,,,,,,,,,,,,,,,,,,,,,,,,,,,,,,,,3.0499999523,3.0999999046,3.2100000381,4.25,6.8899998665,5.25,4.0599999428,3.5699999332,2.4900000095,2.5599999428,2.5399999619,2.8699998856,2.9600000381,3.6600000858,3.5599999428,3.5699999332,3.6500000954,3.9000000954,5.3800001144,5.3299999237,5.1900000572,4.9200000763,4.9400000572,4.8299999237,4.3400001526,3.8800001144,3.4200000763
Malaysia,MY,,,,,,,,,,,,,,,,,,,,,,,,,,,,,,,,3.7620000839,3.7100000381,3,3.003000021,3.1400001049,2.5199999809,2.4500000477,3.2000000477,3.4300000668,3,3.5299999714,3.4700000286,3.6099998951,3.5399999619,3.5299999714,3.3299999237,3.2300000191,3.3399999142,3.6900000572,3.25,3.0899999142,3.0199999809,3.1099998951,2.8699998856,3.0999999046,3.4400000572,3.4149999619
Mozambique,MZ,,,,,,,,,,,,,,,,,,,,,,,,,,,,,,,,25.0590000153,22.7259998322,22.6550006866,22.4479999542,22.2099990845,22.4039993286,22.392999649,22.2469997406,22.0659999847,21.8789997101,21.8530006409,21.6989994049,21.5659999847,21.6359996796,21.7070007324,21.7749996185,21.8250007629,21.9090003967,22.0189990997,22.1660003662,22.343000412,22.5499992371,23.267999649,25.2999992371,25.2999992371,25.1539993286,25.0410003662
Namibia,NA,,,,,,,,,,,,,,,,,,,,,,,,,,,,,,,,19.1399993896,19.0809993744,18.9990005493,19.3999996185,19.0990009308,18.8409996033,19.5,19.4899997711,19.4759998322,20.2999992371,20.5109996796,20.7409992218,20.9750003815,22.0900001526,22.2380008698,22.3840007782,22.5529994965,22.7339992523,22.9200000763,22.1000003815,20.7770004272,16.7700004578,19.0300006866,18.5200004578,19.591999054,23.3500003815,23.3349990845
New Caledonia,NC,,,,,,,,,,,,,,,,,,,,,,,,,,,,,,,,18.9769992828,19.1380004883,19.1620006561,19.0729999542,18.8899993896,18.6399993896,18.0510005951,17.3260002136,16.7350006104,16.2520008087,15.704000473,15.3219995499,14.9490003586,16.3099994659,15.7700004578,15.2189998627,14.6479997635,14.079000473,13.970000267,14.1920003891,14.3559999466,14.4870004654,14.6529998779,14.5900001526,14.5780000687,14.6210002899,14.751999855
Niger,NE,,,,,,,,,,,,,,,,,,,,,,,,,,,,,,,,5.1240000725,5.0590000153,5.1199998856,5.1690001488,5.0900001526,4.5729999542,3.8929998875,3.3710000515,2.6510000229,2.0179998875,1.4700000286,1.8630000353,2.2790000439,2.6159999371,3.0999999046,2.9249999523,2.4000000954,1.9329999685,1.3509999514,0.8619999886,0.3199999928,0.3779999912,0.3429999948,0.3589999974,0.3350000083,0.3449999988,0.3540000021
Nigeria,NG,,,,,,,,,,,,,,,,,,,,,,,,,,,,,,,,5.2690000534,5.2729997635,4.4359998703,4.4289999008,4.4210000038,4.4270000458,4.4229998589,4.4149999619,4.4010000229,4.3959999084,4.3990001678,4.4029998779,4.396999836,4.396999836,4.3039999008,4.2150001526,4.1300001144,4.0479998589,3.9709999561,3.8989999294,3.8259999752,3.760999918,3.7000000477,4.5599999428,4.3099999428,7.0599999428,7.0430002213
Nicaragua,NI,,,,,,,,,,,,,,,,,,,,,,,,,,,,,,,,14.4499998093,14.3999996185,14.9519996643,15.5050001144,16.6100006104,15.6199998856,13.1999998093,13.8199996948,10.9200000763,9.8100004196,6.4499998093,12.1999998093,7.5999999046,6.4099998474,5.3699998856,5.3099999428,4.8899998665,6.1999998093,8.1599998474,7.8299999237,6.5199999809,5.2100000381,5.2800002098,4.5199999809,4.478000164,4.4470000267,4.4429998398
Netherlands,NL,,,,,,,,,,,,,,,,,,,,,,,,,,,,,,,,7.2800002098,5.5599999428,6.2899999619,7.1599998474,7.1599998474,6.4200000763,5.5100002289,4.3899998665,3.6199998856,2.7300000191,2.1199998856,2.5499999523,3.5899999142,4.6500000954,4.7199997902,3.9000000954,3.1800000668,2.75,3.4100000858,4.4499998093,4.9800000191,5.8200001717,7.2399997711,7.4200000763,6.8699998856,6.0100002289,4.8400001526
Norway,NO,,,,,,,,,,,,,,,,,,,,,,,,,,,,,,,,5.4099998474,5.9099998474,5.9699997902,5.3499999046,6.3099999428,5.0399999619,4.6900000572,3.7400000095,3.25,3.4600000381,3.7400000095,4.0199999809,4.2199997902,4.2600002289,4.3800001144,3.4000000954,2.4900000095,2.5499999523,3.0999999046,3.5199999809,3.2100000381,3.1199998856,3.4200000763,3.4800000191,4.3000001907,4.6799998283,4.1599998474
Nepal,NP,,,,,,,,,,,,,,,,,,,,,,,,,,,,,,,,4.4250001907,4.5370001793,4.5630002022,4.4320001602,4.5949997902,4.5,3.7899999619,3.0859999657,1.8500000238,1.7619999647,1.7050000429,1.7039999962,1.5970000029,1.5240000486,1.4780000448,1.4240000248,1.3680000305,1.3400000334,1.743999958,2.1199998856,2.5329999924,2.8919999599,3.2999999523,3,3.1019999981,3.0620000362,2.736000061
Nauru,NR,,,,,,,,,,,,,,,,,,,,,,,,,,,,,,,,,,,,,,,,,,,,,,,,,,,,,,,,,,
New Zealand,NZ,,,,,,,,,,,,,,,,,,,,,,,,,,,,,,,,10.6099996567,10.6700000763,9.8000001907,8.3599996567,6.4600000381,6.3000001907,6.8499999046,7.7199997902,7.0399999619,6.1399998665,5.4499998093,5.2899999619,4.75,4.0100002289,3.8099999428,3.8499999046,3.5999999046,4.0199999809,5.8200001717,6.1399998665,5.9699997902,6.4099998474,5.7600002289,5.3800001144,5.3699998856,5.1100001335,4.881000042
Oman,OM,,,,,,,,,,,,,,,,,,,,,,,,,,,,,,,,3.9869999886,3.8929998875,3.8099999428,3.736000061,3.6500000954,3.7920000553,3.9089999199,4.1069998741,4.2729997635,4.2800002098,4.3150000572,4.367000103,4.3489999771,4.2859997749,4.2350001335,4.2300000191,4.2309999466,4.1420001984,4.0789999962,3.9779999256,3.9739999771,3.7730000019,3.6510000229,3.493999958,3.3180000782,3.2660000324,3.25
Panama,PA,,,,,,,,,,,,,,,,,,,,,,,,,,,,,,,,16.1200008392,14.6700000763,13.2600002289,14,14.0100002289,14.3199996948,13.3699998856,14.0200004578,11.75,13.529999733,14.7100000381,14.1099996567,13.6199998856,12.4399995804,10.3299999237,9.1099996567,6.7800002098,5.8499999046,6.5599999428,6.5199999809,4.4800000191,4.0500001907,4.0999999046,4.8200001717,4.5300002098,4.353000164,4.4869999886
Peru,PE,,,,,,,,,,,,,,,,,,,,,,,,,,,,,,,,5.8359999657,6.1950001717,5.4429998398,4.9310002327,5.1739997864,5.8070001602,5.3029999733,6.2230000496,6.0040001869,5.757999897,6.0780000687,5.8000001907,4.7899999619,4.9000000954,4.8600001335,4.2600002289,4.1900000572,4.0599999428,3.9000000954,3.4800000191,3.4400000572,3.1099998951,3.2400000095,2.9600000381,3,3.5299999714,3.5910000801
French Polynesia,PF,,,,,,,,,,,,,,,,,,,,,,,,,,,,,,,,13.8809995651,13.7600002289,13.5509996414,13.3140001297,13.1199998856,12.8999996185,12.5069999695,12.0550003052,11.6639995575,11.3850002289,11.2119998932,11.7100000381,11.7760000229,11.8420000076,11.8240003586,11.8310003281,11.7399997711,13.7740001678,15.8020000458,17.968000412,20.0090007782,21.7900009155,21.6529998779,21.4930000305,21.3710002899,20.9909992218,20.7730007172
Papua New Guinea,PG,,,,,,,,,,,,,,,,,,,,,,,,,,,,,,,,3.0399999619,3.0360000134,3.0190000534,2.9670000076,2.9159998894,2.9700000286,2.9089999199,2.9690001011,2.9449999332,2.9200000763,2.8369998932,2.7539999485,2.6700000763,2.5450000763,2.4609999657,2.3529999256,2.2939999104,2.135999918,2.0720000267,2,2.6199998856,2.6319999695,2.621999979,2.6540000439,2.6380000114,2.6419999599,2.6619999409
Philippines,PH,,,,,,,,,,,,,,,,,,,,,,,,,,,,,,,,3.8399999142,3.8329999447,3.8239998817,3.8239998817,3.8029999733,3.7880001068,3.7590000629,3.7269999981,3.7330000401,3.7269999981,3.7000000477,3.6570000648,3.5299999714,3.5499999523,3.7999999523,4.0500001907,3.4300000668,3.7200000286,3.8599998951,3.6099998951,3.5899999142,3.5,3.5,3.5999999046,3.0399999619,2.7100000381,2.3459999561
Pakistan,PK,,,,,,,,,,,,,,,,,,,,,,,,,,,,,,,,5.8499999046,5.1799998283,4.2800002098,4.2600002289,5.0300002098,5.3699998856,5.8099999428,5.6999998093,5.8899998665,7.1599998474,7.8200001717,7.8299999237,8.2700004578,7.4000000954,7.6900000572,6.0900001526,5.0999999046,4.9800000191,5.4600000381,0.6499999762,0.8000000119,1.8409999609,2.9500000477,1.8300000429,3.5699999332,3.8440001011,4.0440001488
Poland,PL,,,,,,,,,,,,,,,,,,,,,,,,,,,,,,,,12.5349998474,13.3199996948,14,14.4399995804,13.3400001526,12.3500003815,10.9600000381,9.9399995804,12.2899999619,16.3099994659,18.3700008392,19.8899993896,19.3700008392,19.0699996948,17.75,13.8400001526,9.6000003815,7.1199998856,8.1700000763,9.6400003433,9.6300001144,10.0900001526,10.3299999237,8.9899997711,7.5,6.1599998474,4.8899998665
Puerto Rico,PR,,,,,,,,,,,,,,,,,,,,,,,,,,,,,,,,16.1800003052,16.9300003052,16.9099998474,14.5600004196,13.9300003052,13.6400003433,13.8000001907,13.4600000381,11.8100004196,10.0799999237,11.3400001526,11.9399995804,11.779999733,10.3100004196,11.3500003815,11.0100002289,10.9300003052,11.4799995422,15,16.3700008392,15.9499998093,14.4799995422,14.3000001907,13.9099998474,12,11.779999733,10.8299999237
Portugal,PT,,,,,,,,,,,,,,,,,,,,,,,,,,,,,,,,3.9200000763,3.9800000191,5.3000001907,6.7100000381,7.0599999428,7.3000001907,6.5700001717,4.6500000954,4.5999999046,3.8199999332,3.8299999237,4.5,6.1300001144,6.3200001717,7.5799999237,7.6500000954,7.9600000381,7.5500001907,9.4300003052,10.7700004578,12.6800003052,15.529999733,16.1800003052,13.8900003433,12.4399995804,11.0699996948,8.8699998856
Palau,PW,,,,,,,,,,,,,,,,,,,,,,,,,,,,,,,,,,,,,,,,,,,,,,,,,,,,,,,,,,
Paraguay,PY,,,,,,,,,,,,,,,,,,,,,,,,,,,,,,,,5.0999999046,4.9800000191,5.0599999428,4.4099998474,3.4000000954,8.1499996185,5.3600001335,5.3000001907,9.3999996185,7.6100001335,7.5999999046,9.3900003433,6.8099999428,6.5100002289,4.8200001717,5.2800002098,4.7100000381,4.4200000763,5.4600000381,4.5700001717,4.6700000763,4.0900001526,4.3800001144,5.0300002098,4.5599999428,5.25,4.6100001335
Qatar,QA,,,,,,,,,,,,,,,,,,,,,,,,,,,,,,,,3.8699998856,3.7379999161,3.8580000401,3.7860000134,3.7200000286,3.7009999752,3.5590000153,3.6319999695,3.7090001106,3.6749999523,3.9100000858,3.3029999733,2.6949999332,1.4800000191,1.1749999523,0.8700000048,0.5199999809,0.3100000024,0.3100000024,0.4499999881,0.5600000024,0.4799999893,0.2700000107,0.1899999976,0.1599999964,0.1400000006,0.1220000014
Romania,RO,,,,,,,,,,,,,,,,,,,,,,,,,,,,,,,,8.0749998093,8.2600002289,8.2379999161,8.1700000763,8.0100002289,6.7399997711,5.5100002289,5.6300001144,6.2399997711,6.9699997902,6.5599999428,8.1099996567,6.9499998093,7.7199997902,7.1700000763,7.2699999809,6.4099998474,5.7899999619,6.8600001335,6.9600000381,7.1799998283,6.7899999619,7.0999999046,6.8000001907,6.8099999428,5.9000000954,4.9299998283
Serbia,RS,,,,,,,,,,,,,,,,,,,,,,,,,,,,,,,,12.6280002594,12.4849996567,12.6129999161,13.6199998856,13.3999996185,13.1999998093,13.8000001907,13.6999998093,13.6999998093,12.6000003815,12.8000001907,13.8000001907,15.1999998093,18.5,20.8500003815,20.8500003815,18.0599994659,13.6300001144,16.1000003815,19.2199993134,22.9699993134,24,22.1499996185,19.2199993134,17.9200000763,15.2600002289,14.1049995422
Russian Federation,RU,,,,,,,,,,,,,,,,,,,,,,,,,,,,,,,,5.6859998703,5.3099999428,5.9099998474,8.0799999237,9.6599998474,9.8599996567,11.8100004196,13.3900003433,13.529999733,10.5799999237,8.9799995422,7.9200000763,8.2299995422,7.7800002098,7.1700000763,7.1599998474,6.0999999046,6.3200001717,8.4200000763,7.3699998856,6.5399999619,5.4400000572,5.4600000381,5.1599998474,5.5700001717,5.5370001793,5.1999998093
Rwanda,RW,,,,,,,,,,,,,,,,,,,,,,,,,,,,,,,,0.3000000119,0.3589999974,0.4129999876,0.4679999948,0.5230000019,0.5600000024,0.6129999757,0.6660000086,0.7200000286,0.7749999762,0.8299999833,0.8899999857,1.1540000439,1.4270000458,1.69599998,1.9609999657,2.2219998837,2.4869999886,2.739000082,2.9979999065,3.2539999485,3.4400000572,2.2720000744,1.1699999571,1.1649999619,1.2319999933,1.2970000505
Saudi Arabia,SA,,,,,,,,,,,,,,,,,,,,,,,,,,,,,,,,7.4429998398,7.1999998093,6.5170001984,5.8130002022,5.2690000534,5.0659999847,4.8870000839,4.6129999161,4.3499999046,4.5700001717,4.6199998856,5.2699999809,5.5599999428,5.8200001717,6.0500001907,6.25,5.7300000191,5.0799999237,5.3800001144,5.5500001907,5.7699999809,5.5199999809,5.5700001717,5.7199997902,5.5900001526,5.6500000954,5.5229997635
Solomon Islands,SB,,,,,,,,,,,,,,,,,,,,,,,,,,,,,,,,2.246999979,2.2839999199,2.2460000515,2.2769999504,2.2829999924,2.2160000801,2.1919999123,2.1940000057,2.1670000553,2.1429998875,2.1440000534,2.1410000324,2.1840000153,2.1749999523,2.1760001183,2.1089999676,2.1059999466,2.0929999352,2.0199999809,2.0710000992,2.0810000896,2.0390000343,2.0320000648,2.0329999924,2.0369999409,2.0439999104,2.0499999523
Seychelles,SC,,,,,,,,,,,,,,,,,,,,,,,,,,,,,,,,,,,,,,,,,,,,,,,,,,,,,,,,,,
Sudan,SD,,,,,,,,,,,,,,,,,,,,,,,,,,,,,,,,13.4560003281,13.859000206,13.6909999847,13.8870000839,13.9320001602,13.9309997559,13.8489999771,13.6949996948,13.7250003815,13.5129995346,13.3870000839,13.376999855,13.265999794,13.2019996643,13.1000003815,12.984000206,12.9259996414,12.9079999924,13,12.8050003052,12.998000145,13.0360002518,12.8660001755,12.8100004196,12.7849998474,12.734000206,12.7329998016
Sweden,SE,,,,,,,,,,,,,,,,,,,,,,,,,,,,,,,,3.2400000095,5.7199997902,9.3299999237,9.5799999237,8.8999996185,9.5500001907,10.3599996567,8.9399995804,7.6100001335,5.4699997902,3.9800000191,3.9900000095,4.8800001144,5.5199999809,7.6700000763,7.0500001907,6.1199998856,6.1799998283,8.3000001907,8.5799999237,7.7699999809,7.9600000381,8.0100002289,7.9200000763,7.4000000954,6.9899997711,6.7199997902
Singapore,SG,,,,,,,,,,,,,,,,,,,,,,,,,,,,,,,,2.1800000668,3.0899999142,3.0699999332,3.0299999714,3.2999999523,3.5699999332,2.5,3.4100000858,4.8499999046,3.7000000477,3.7599999905,5.6500000954,5.9299998283,5.8400001526,5.5900001526,4.4800000191,3.9000000954,3.9600000381,4.3800001144,3.1700000763,2.9600000381,2.8800001144,2.7899999619,2.7999999523,1.6900000572,1.7999999523,2.0239999294
Slovenia,SI,,,,,,,,,,,,,,,,,,,,,,,,,,,,,,,,7.0799999237,7.4380002022,8.5100002289,8.2399997711,7.1500000954,6.9099998474,6.6500000954,7.3899998665,7.3200001717,6.9200000763,5.6799998283,5.9200000763,6.4800000191,6.0100002289,6.5100002289,5.9499998093,4.8200001717,4.3699998856,5.8600001335,7.2399997711,8.1700000763,8.8400001526,10.1000003815,9.6700000763,8.9600000381,8,6.5599999428
Slovak Republic,SK,,,,,,,,,,,,,,,,,,,,,,,,,,,,,,,,12.2030000687,12.595000267,12.1999998093,13.6499996185,13.1099996567,11.3400001526,11.8900003433,12.1899995804,15.9499998093,19.0599994659,19.3799991608,18.7199993134,17.1200008392,18.6000003815,16.2600002289,13.3699998856,11.1400003433,9.5100002289,12.029999733,14.3800001144,13.6199998856,13.9600000381,14.220000267,13.1800003052,11.4799995422,9.6700000763,8.1300001144
Sierra Leone,SL,,,,,,,,,,,,,,,,,,,,,,,,,,,,,,,,3.382999897,3.3940000534,3.3910000324,3.3900001049,3.3989999294,3.4030001163,3.4030001163,3.3940000534,3.3970000744,3.3910000324,3.3900001049,3.3849999905,3.385999918,3.4200000763,3.5769999027,3.7260000706,3.868999958,4.0069999695,4.1399998665,4.2690000534,4.3930001259,4.5130000114,4.6300001144,4.6799998283,4.7030000687,4.5980000496,4.4730000496
San Marino,SM,,,,,,,,,,,,,,,,,,,,,,,,,,,,,,,,,,,,,,,,,,,,,,,,,,,,,,,,,,
Senegal,SN,,,,,,,,,,,,,,,,,,,,,,,,,,,,,,,,5.6640000343,5.6669998169,5.6690001488,5.6669998169,5.6690001488,5.6690001488,5.6719999313,5.6750001907,5.6739997864,5.6680002213,5.6630001068,5.6500000954,6.7569999695,7.8540000916,8.9490003586,10.029999733,10.0740003586,10.1149997711,10.1630001068,10.2229995728,10.3599996567,9.0249996185,7.6880002022,6.3569998741,4.8499999046,4.8470001221,4.8449997902
Somalia,SO,,,,,,,,,,,,,,,,,,,,,,,,,,,,,,,,5.9299998283,5.9349999428,5.9200000763,5.9270000458,5.9060001373,5.8930001259,5.8899998665,5.8709998131,5.8600001335,5.8569998741,5.8550000191,5.8579998016,5.8649997711,5.876999855,5.890999794,5.9140000343,5.9369997978,5.9609999657,5.984000206,6.0069999695,6.0279998779,6.0440001488,6.0580000877,6.0710000992,6.0809998512,6.0240001678,5.9790000916
Suriname,SR,,,,,,,,,,,,,,,,,,,,,,,,,,,,,,,,21.625,17.2800006866,15.6400003433,12.6999998093,8.3900003433,10.8800001144,10.5600004196,10.6300001144,13.6000003815,12.795999527,10.8789997101,10.751999855,9.7460002899,9.4899997711,9.8039999008,9.3360004425,9.1969995499,9.1029996872,9.0200004578,7.5599999428,6.9279999733,6.2890000343,4.8400001526,6.9400000572,7.2199997902,8.1750001907,8.1239995956
South Sudan,SS,,,,,,,,,,,,,,,,,,,,,,,,,,,,,,,,11.9479999542,11.6420001984,11.8070001602,11.7609996796,12.2489995956,12.2159996033,12.3159999847,12.0649995804,12.079000473,12.0329999924,12.1160001755,12.2110004425,12.0100002289,12.1829996109,12.1719999313,12.1450004578,12.2069997787,12.1499996185,12.1140003204,12.1440000534,11.6680002213,11.2760000229,12.9270000458,12.1739997864,11.9940004349,11.5419998169,11.5430002213
Sao Tome and Principe,ST,,,,,,,,,,,,,,,,,,,,,,,,,,,,,,,,14.3859996796,14.3549995422,14.3489999771,14.3999996185,14.4099998474,14.3999996185,14.404999733,14.5129995346,14.5209999084,14.3999996185,15.7299995422,17.6299991608,16.3600006104,16.1200008392,16.4699993134,16.6499996185,15.8520002365,15.7119998932,15.095000267,14.6280002594,14.126999855,13.5900001526,13.5249996185,13.4720001221,13.4329996109,13.4160003662,13.4720001221
El Salvador,SV,,,,,,,,,,,,,,,,,,,,,,,,,,,,,,,,7.5300002098,7.8800001144,9.9399995804,7.6799998283,7.6500000954,7.6799998283,7.9800000191,7.0999999046,6.6799998283,6.9600000381,6.9600000381,5.7300000191,6.2600002289,6.0500001907,7.2199997902,6.5700001717,6.4099998474,5.8800001144,7.3299999237,4.8899998665,4.3000001907,3.8499999046,3.6900000572,4.1599998474,4,4.4200000763,4.4910001755
Sint Maarten (Dutch part),SX,,,,,,,,,,,,,,,,,,,,,,,,,,,,,,,,,,,,,,,,,,,,,,,,,,,,,,,,,,
Syrian Arab Republic,SY,,,,,,,,,,,,,,,,,,,,,,,,,,,,,,,,6.75,7.0749998093,7.4000000954,7.5,7.1999998093,7.25,7.3309998512,7.2220001221,7.5999999046,9.6149997711,11.6300001144,11.6800003052,10.279999733,9.7530002594,9.2250003815,8.1700000763,8.4200000763,10.9200000763,8.1400003433,8.6099996567,14.8999996185,14.7650003433,14.6590003967,14.4799995422,14.718000412,14.7849998474,14.9029998779
Eswatini,SZ,,,,,,,,,,,,,,,,,,,,,,,,,,,,,,,,22.0240001678,21.9270000458,21.8159999847,21.7189998627,21.6499996185,21.8460006714,22.5,22.4459991455,22.3789997101,22.2950000763,22.2520008087,22.202999115,22.1630001068,22.1299991608,22.0939998627,22.0189990997,28.2399997711,28.1299991608,27.9750003815,27.7919998169,27.5340003967,27.232000351,26.9130001068,26.6119995117,26.3320007324,26.3479995728,26.3959999084
Turks and Caicos Islands,TC,,,,,,,,,,,,,,,,,,,,,,,,,,,,,,,,,,,,,,,,,,,,,,,,,,,,,,,,,,
Chad,TD,,,,,,,,,,,,,,,,,,,,,,,,,,,,,,,,5.4499998093,5.4590001106,5.4710001945,5.5199999809,5.5229997635,5.5590000153,5.5929999352,5.6160001755,5.6059999466,5.617000103,5.6799998283,5.6849999428,5.7140002251,5.7379999161,5.7189998627,5.7020001411,5.7160000801,5.7170000076,5.7189998627,5.7459998131,5.6999998093,5.7039999962,5.6929998398,5.6820001602,5.6599998474,5.7849998474,5.8860001564
Togo,TG,,,,,,,,,,,,,,,,,,,,,,,,,,,,,,,,1.9010000229,1.9010000229,1.9010000229,1.9090000391,1.9099999666,1.9019999504,1.9019999504,1.8949999809,1.8919999599,1.8849999905,1.881000042,1.878000021,1.8760000467,1.8710000515,1.8660000563,1.8639999628,1.8619999886,1.8609999418,1.8609999418,1.8600000143,1.8600000143,1.8539999723,1.8500000238,1.8459999561,1.8420000076,1.8420000076,1.8439999819
Thailand,TH,,,,,,,,,,,,,,,,,,,,,,,,,,,,,,,,2.7200000286,1.3899999857,1.5099999905,1.3500000238,1.1399999857,1.0700000525,0.8700000048,3.4000000954,2.9600000381,2.3900001049,2.5999999046,1.8200000525,1.5399999619,1.5099999905,1.3500000238,1.2200000286,1.1799999475,1.1799999475,1.4900000095,0.6200000048,0.6600000262,0.5799999833,0.4900000095,0.5799999833,0.6000000238,0.9369999766,1.0829999447
Tajikistan,TJ,,,,,,,,,,,,,,,,,,,,,,,,,,,,,,,,7.625,6.6009998322,6.859000206,7.1979999542,7.5279998779,11.2810001373,11.529999733,11.2220001221,11.6680002213,11.3079996109,11.0749998093,11.4610004425,11.4090003967,11.3739995956,11.1929998398,11.1239995956,11.2060003281,11.1260004044,11.5,11.7209997177,11.1579999924,10.75,10.6059999466,10.4729995728,10.3629999161,10.3039999008,10.2810001373
Timor-Leste,TL,,,,,,,,,,,,,,,,,,,,,,,,,,,,,,,,10.4779996872,10.2690000534,10.0629997253,9.8690004349,9.720000267,9.5719995499,9.5129995346,9.3959999084,9.2510004044,9.892999649,9.8999996185,8.8039999008,8.3030004501,7.7470002174,7.1820001602,6.2049999237,6.6999998093,5.6849999428,4.734000206,3.2999999523,3.260999918,3.2330000401,3.2309999466,3.2669999599,3.2950000763,3.3659999371,3.4309999943
Turkmenistan,TM,,,,,,,,,,,,,,,,,,,,,,,,,,,,,,,,2.8050000668,2.4730000496,2.5039999485,2.621999979,2.7520000935,4.0409998894,4.2449998856,3.9820001125,3.9849998951,3.8929998875,3.8150000572,3.9409999847,3.9130001068,3.9249999523,3.8129999638,3.8080000877,3.8340001106,3.7520000935,3.9389998913,4,3.746999979,3.6659998894,3.6300001144,3.5769999027,3.5750000477,3.4790000916,3.4010000229
Tunisia,TN,,,,,,,,,,,,,,,,,,,,,,,,,,,,,,,,16.8220005035,16.5669994354,16.6590003967,16.5259990692,16.3840007782,16.063999176,15.9399995804,15.9549999237,16,15.6999998093,15.1000003815,15.3000001907,14.5100002289,14.2399997711,12.8699998856,12.5100002289,12.3599996567,12.4399995804,13.2899999619,13.0500001907,18.3299999237,17.6299991608,15.9300003052,15.0579996109,15.220000267,15.5100002289,15.3800001144
Tonga,TO,,,,,,,,,,,,,,,,,,,,,,,,,,,,,,,,1.3849999905,1.3250000477,1.2999999523,1.6829999685,2.0750000477,2.4379999638,2.8229999542,3.2679998875,3.6679999828,4.0689997673,4.4619998932,4.8210000992,5.1799998283,4.1570000648,3.1349999905,1.0900000334,1.0850000381,1.0800000429,1.0720000267,1.067999959,1.0650000572,1.0640000105,1.0770000219,1.0930000544,1.0980000496,1.0970000029,1.1289999485
Turkey,TR,,,,,,,,,,,,,,,,,,,,,,,,,,,,,,,,8.2100000381,8.5100002289,8.9600000381,8.5799999237,7.6399998665,6.6300001144,6.8400001526,6.8899998665,7.6900000572,6.4899997711,8.3800001144,10.3599996567,10.5399999619,10.8400001526,10.6400003433,8.720000267,8.8699998856,9.7100000381,12.5500001907,10.6599998474,8.8000001907,8.1499996185,8.7299995422,9.8800001144,10.2399997711,10.8400001526,11.2629995346
Trinidad and Tobago,TT,,,,,,,,,,,,,,,,,,,,,,,,,,,,,,,,18.5200004578,19.6599998474,19.8099994659,18.4400005341,17.2199993134,16.25,15.0100002289,14.2100000381,13.1199998856,12.1000003815,10.8800001144,10.3900003433,10.4799995422,8.3299999237,7.9499998093,6.2699999809,5.5399999619,4.6300001144,5.2800002098,5.9299998283,4.6599998474,5.0399999619,3.5899999142,3.3099999428,3.3900001049,4.373000145,4.8420000076
Tuvalu,TV,,,,,,,,,,,,,,,,,,,,,,,,,,,,,,,,,,,,,,,,,,,,,,,,,,,,,,,,,,
Tanzania,TZ,,,,,,,,,,,,,,,,,,,,,,,,,,,,,,,,3.5999999046,3.7320001125,3.864000082,3.9949998856,4.126999855,4.263999939,4.3920001984,4.5229997635,4.6570000648,4.7859997749,5.0999999046,3.5999999046,3.8800001144,4.1649999619,4.4439997673,4.6599998474,4.0419998169,3.506000042,2.5,2.9739999771,3.4700000286,3.2409999371,2.9300000668,2.1199998856,2.1180000305,2.1679999828,2.2149999142
Ukraine,UA,,,,,,,,,,,,,,,,,,,,,,,,,,,,,,,,5.7620000839,5.493999958,5.1820001602,5.2490000725,5.6199998856,7.6500000954,8.9300003052,11.3199996948,11.5900001526,11.6300001144,10.9499998093,9.6300001144,9.0600004196,8.5900001526,7.1799998283,6.8099999428,6.3499999046,6.3600001335,8.8400001526,8.1000003815,7.8600001335,7.5300002098,7.1700000763,9.2700004578,9.1400003433,9.3500003815,9.4549999237
Uganda,UG,,,,,,,,,,,,,,,,,,,,,,,,,,,,,,,,0.9399999976,0.9200000167,1.1770000458,1.4359999895,1.69599998,1.9529999495,2.2119998932,2.4749999046,2.7400000095,2.9960000515,3.2650001049,3.4900000095,3.2000000477,2.5460000038,1.8999999762,2.4670000076,3.0369999409,3.6080000401,4.1599998474,4.006000042,3.8499999046,3.5499999523,1.9099999666,1.9079999924,1.9049999714,2.0099999905,2.1040000916
United Kingdom,GB,,,,,,,,,,,,,,,,,,,,,,,,,,,,,,,,8.5500001907,9.779999733,10.3500003815,9.6499996185,8.6899995804,8.1899995804,7.0700001717,6.1999998093,6.0399999619,5.5599999428,4.6999998093,5.0399999619,4.8099999428,4.5900001526,4.75,5.3499999046,5.2600002289,5.6199998856,7.5399999619,7.7899999619,8.0399999619,7.8899998665,7.5300002098,6.1100001335,5.3000001907,4.8099999428,4.3299999237
United States,US,,,,,,,,,,,,,,,,,,,,,,,,,,,,,,,,6.8299999237,7.5,6.9200000763,6.0999999046,5.5999999046,5.4000000954,4.9400000572,4.5100002289,4.2199997902,3.9900000095,4.7300000191,5.7800002098,5.9899997711,5.5300002098,5.0799999237,4.6199998856,4.6199998856,5.7800002098,9.25,9.6300001144,8.9499998093,8.0699996948,7.3800001144,6.1700000763,5.2800002098,4.8699998856,4.3600001335
Uruguay,UY,,,,,,,,,,,,,,,,,,,,,,,,,,,,,,,,8.9499998093,8.9600000381,8.3500003815,9.0399999619,10.0200004578,11.9300003052,11.4399995804,9.779999733,11.2899999619,13.3299999237,14.8999996185,16.9099998474,16.3500003815,12.8809995651,12.1999998093,10.5600004196,9.1499996185,7.6999998093,7.3000001907,7.1599998474,6.3099999428,6.4499998093,6.4400000572,6.5500001907,7.4899997711,7.8400001526,7.8899998665
Uzbekistan,UZ,,,,,,,,,,,,,,,,,,,,,,,,,,,,,,,,6.5529999733,6.3130002022,6.478000164,6.4089999199,6.521999836,8.3199996948,8.2709999084,8.2749996185,8.2700004578,8.2770004272,8.2749996185,8.2829999924,8.2860002518,8.2539997101,8.2609996796,8.2559995651,8.2290000916,8.2279996872,8.2229995728,8.1920003891,8.156999588,8.1140003204,8.0640001297,8.0030002594,7.9390001297,7.513999939,7.1760001183
St. Vincent and the Grenadines,VC,,,,,,,,,,,,,,,,,,,,,,,,,,,,,,,,19.7700004578,18.938999176,19.4500007629,20.3029994965,18.9290008545,19.8799991608,19.3209991455,19.1480007172,19.5720005035,19.6089992523,21.1000003815,19.7849998474,19.2229995728,19.077999115,18.8939990997,17.9559993744,18.013999939,18.7999992371,18.841999054,18.8159999847,18.5030002594,18.1809997559,17.8840007782,18.2280006409,17.9880008698,18.2110004425,18.2849998474
"Venezuela, RB",VE,,,,,,,,,,,,,,,,,,,,,,,,,,,,,,,,9.4600000381,7.7300000191,6.6700000763,8.5600004196,10.2399997711,11.7700004578,11.1599998474,11.1499996185,14.529999733,13.3000001907,12.779999733,16.1700000763,16.7800006866,13.9899997711,11.4799995422,9.3299999237,7.4699997902,6.8499999046,8.0500001907,8.4499998093,7.8400001526,7.4099998474,7.5399999619,6.9499998093,6.8200001717,7.1459999084,7.6620001793
British Virgin Islands,VG,,,,,,,,,,,,,,,,,,,,,,,,,,,,,,,,,,,,,,,,,,,,,,,,,,,,,,,,,,
Virgin Islands (U.S.),VI,,,,,,,,,,,,,,,,,,,,,,,,,,,,,,,,8.4399995804,8.3950004578,7.2839999199,9.1059999466,8.3470001221,7.9190001488,8.4499998093,7.3920001984,7.9079999924,6.4470000267,7.4679999352,6.0739998817,8.0749998093,7.6960000992,7.6840000153,7.2940001488,7.1939997673,7.4149999619,8.0349998474,7.3060002327,8.111000061,8.4659996033,7.888999939,7.4520001411,7.3420000076,7.2379999161,7.132999897
Vietnam,VN,,,,,,,,,,,,,,,,,,,,,,,,,,,,,,,,2.0429999828,2.0369999409,2.007999897,1.9839999676,1.9579999447,1.9299999475,2.8699998856,2.2899999619,2.3299999237,2.2599999905,2.7599999905,2.1199998856,2.25,2.1400001049,2.2990000248,2.4489998817,2.5959999561,2.3800001144,2.6099998951,2.6400001049,2.0199999809,1.7699999809,1.9500000477,1.8700000048,2.1199998856,2.0999999046,2.0529999733
Vanuatu,VU,,,,,,,,,,,,,,,,,,,,,,,,,,,,,,,,5.5260000229,5.5229997635,5.5009999275,5.5720000267,5.478000164,5.5110001564,5.5549998283,5.515999794,5.5209999084,5.5970001221,5.5199999809,5.5409998894,5.623000145,5.611000061,5.6119999886,5.617000103,5.5580000877,5.5399999619,5.4600000381,5.4029998779,5.3699998856,5.3439998627,5.3140001297,5.2870001793,5.263999939,5.2670001984,5.2249999046
World,WLD,,,,,,,,,,,,,,,,,,,,,,,,,,,,,,,,5.636216227,5.5591589658,5.6670553094,5.784175528,5.9191836439,5.9812876558,6.0623810941,6.2657693136,6.348120045,6.1739343759,6.1277117427,6.2028404901,6.1464410042,6.0131294602,5.8906865492,5.5766449616,5.2934447646,5.4463131796,5.9236532036,5.7349917848,5.6026241073,5.5998753171,5.57054695,5.4350127679,5.4464472054,5.5310328074,5.4851243825
Samoa,WS,,,,,,,,,,,,,,,,,,,,,,,,,,,,,,,,2.0999999046,2.4300000668,2.6789999008,2.9909999371,3.2309999466,3.4760000706,3.6640000343,3.8940000534,4.0900001526,4.3480000496,4.9600000381,4.2129998207,3.4779999256,2.743999958,2.0610001087,1.2899999619,2.1540000439,3.0559999943,3.8959999084,4.7839999199,5.6799998283,8.75,8.8129997253,8.720000267,8.7609996796,8.4870004654,8.2060003281
Kosovo,XK,,,,,,,,,,,,,,,,,,,,,,,,,,,,,,,,,,,,,,,,,,,,,,,,,,,,,,,,,,
"Yemen, Rep.",YE,,,,,,,,,,,,,,,,,,,,,,,,,,,,,,,,8.5620002747,8.4130001068,8.4429998398,8.3400001526,8.9180002213,9.5740003586,10.1890001297,10.7910003662,11.4600000381,12.5819997787,13.7250003815,14.6719999313,15.5129995346,16.2299995422,16.0499992371,15.6999998093,15.3299999237,14.970000267,14.6300001144,17.8199996948,16.9899997711,15.2770004272,14.1630001068,13.470000267,13.8070001602,13.7290000916,14.0360002518
South Africa,ZA,,,,,,,,,,,,,,,,,,,,,,,,,,,,,,,,20.1210002899,20.0069999695,20.0160007477,20,16.8999996185,21,22.8999996185,25,25.3700008392,23.2700004578,25.3700008392,27.1800003052,27.1200008392,24.6700000763,23.8400001526,22.6200008392,22.3299999237,22.4300003052,23.5400009155,24.6900005341,24.6499996185,24.7299995422,24.5699996948,24.8999996185,25.1599998474,26.5499992371,27.3299999237
Zambia,ZM,,,,,,,,,,,,,,,,,,,,,,,,,,,,,,,,18.8999996185,19.3880004883,19.7000007629,18.5,17.2840003967,15,13.4259996414,12,12.4919996262,12.9300003052,12.4259996414,11.9110002518,11.4020004272,10.8850002289,10.3669996262,9.7709999084,9.1789999008,7.9299998283,10.6149997711,13.1899995804,9.9899997711,7.8499999046,7.8159999847,7.7829999924,7.75,7.7769999504,7.7919998169
Zimbabwe,ZW,,,,,,,,,,,,,,,,,,,,,,,,,,,,,,,,4.9130001068,4.7259998322,4.8439998627,4.9600000381,5.4520001411,5.9450001717,6.9299998283,6.4650001526,6,5.7220001221,5.4959998131,5.0879998207,4.7259998322,4.3899998665,4.506000042,4.6519999504,4.7569999695,4.7890000343,5.1119999886,5.271999836,5.3699998856,5.3280000687,5.2049999237,5.1350002289,5.0859999657,5.0460000038,5.0110001564
